Analysis & Synthesis report for FPGA_Footsies_V4
Fri Jun 20 16:17:18 2025
Quartus Prime Version 23.1std.1 Build 993 05/14/2024 SC Lite Edition


---------------------
; Table of Contents ;
---------------------
  1. Legal Notice
  2. Analysis & Synthesis Summary
  3. Analysis & Synthesis Settings
  4. Parallel Compilation
  5. Analysis & Synthesis Source Files Read
  6. Analysis & Synthesis Resource Usage Summary
  7. Analysis & Synthesis Resource Utilization by Entity
  8. State Machine - |FPGA_Footsies_V4|game_core:twoplayers|vga_driver:vga|v_state
  9. State Machine - |FPGA_Footsies_V4|game_core:twoplayers|vga_driver:vga|h_state
 10. Registers Removed During Synthesis
 11. Removed Registers Triggering Further Register Optimizations
 12. General Register Statistics
 13. Inverted Register Statistics
 14. Multiplexer Restructuring Statistics (Restructuring Performed)
 15. Parameter Settings for User Entity Instance: Clock_Divider:clk_div_inst
 16. Parameter Settings for User Entity Instance: Clock_Divider:clk_div_inst|Counter:count_inst
 17. Parameter Settings for User Entity Instance: game_core:twoplayers|Clock_Divider:clock_vga
 18. Parameter Settings for User Entity Instance: game_core:twoplayers|Clock_Divider:clock_vga|Counter:count_inst
 19. Parameter Settings for User Entity Instance: game_core:twoplayers|Clock_Divider:clock_fsm
 20. Parameter Settings for User Entity Instance: game_core:twoplayers|Clock_Divider:clock_fsm|Counter:count_inst
 21. Parameter Settings for User Entity Instance: game_core:twoplayers|Sprite_renderer:render1
 22. Parameter Settings for User Entity Instance: game_core:twoplayers|Sprite_renderer:render2
 23. Parameter Settings for User Entity Instance: game_core:twoplayers|Background_Renderer:background
 24. Parameter Settings for User Entity Instance: game_core:twoplayers|Sprite_boxes:boxes1
 25. Parameter Settings for User Entity Instance: game_core:twoplayers|Sprite_boxes:boxes2
 26. Parameter Settings for User Entity Instance: game_core:twoplayers|vga_driver:vga
 27. Port Connectivity Checks: "game_core:twoplayers|vga_driver:vga"
 28. Port Connectivity Checks: "game_core:twoplayers|Health_Block:health_block_p2"
 29. Port Connectivity Checks: "game_core:twoplayers|Health_Block:health_block_p1"
 30. Port Connectivity Checks: "game_core:twoplayers|Sprite_boxes:boxes2"
 31. Port Connectivity Checks: "game_core:twoplayers|Sprite_renderer:render1"
 32. Port Connectivity Checks: "game_core:twoplayers|Sprite_FSM:fsm_p2"
 33. Port Connectivity Checks: "game_core:twoplayers|Sprite_FSM:fsm_p1"
 34. Port Connectivity Checks: "game_core:twoplayers|Clock_Divider:clock_fsm"
 35. Port Connectivity Checks: "game_core:twoplayers|Clock_Divider:clock_vga"
 36. Port Connectivity Checks: "keypad_1x3:keypad_inst"
 37. Post-Synthesis Netlist Statistics for Top Partition
 38. Elapsed Time Per Partition
 39. Analysis & Synthesis Messages



----------------
; Legal Notice ;
----------------
Copyright (C) 2024  Intel Corporation. All rights reserved.
Your use of Intel Corporation's design tools, logic functions 
and other software and tools, and any partner logic 
functions, and any output files from any of the foregoing 
(including device programming or simulation files), and any 
associated documentation or information are expressly subject 
to the terms and conditions of the Intel Program License 
Subscription Agreement, the Intel Quartus Prime License Agreement,
the Intel FPGA IP License Agreement, or other applicable license
agreement, including, without limitation, that your use is for
the sole purpose of programming logic devices manufactured by
Intel and sold by Intel or its authorized distributors.  Please
refer to the applicable agreement for further details, at
https://fpgasoftware.intel.com/eula.



+----------------------------------------------------------------------------------+
; Analysis & Synthesis Summary                                                     ;
+---------------------------------+------------------------------------------------+
; Analysis & Synthesis Status     ; Successful - Fri Jun 20 16:17:17 2025          ;
; Quartus Prime Version           ; 23.1std.1 Build 993 05/14/2024 SC Lite Edition ;
; Revision Name                   ; FPGA_Footsies_V4                               ;
; Top-level Entity Name           ; FPGA_Footsies_V4                               ;
; Family                          ; Cyclone V                                      ;
; Logic utilization (in ALMs)     ; N/A                                            ;
; Total registers                 ; 194                                            ;
; Total pins                      ; 135                                            ;
; Total virtual pins              ; 0                                              ;
; Total block memory bits         ; 0                                              ;
; Total DSP Blocks                ; 0                                              ;
; Total HSSI RX PCSs              ; 0                                              ;
; Total HSSI PMA RX Deserializers ; 0                                              ;
; Total HSSI TX PCSs              ; 0                                              ;
; Total HSSI PMA TX Serializers   ; 0                                              ;
; Total PLLs                      ; 0                                              ;
; Total DLLs                      ; 0                                              ;
+---------------------------------+------------------------------------------------+


+---------------------------------------------------------------------------------------------------------------------------+
; Analysis & Synthesis Settings                                                                                             ;
+---------------------------------------------------------------------------------+--------------------+--------------------+
; Option                                                                          ; Setting            ; Default Value      ;
+---------------------------------------------------------------------------------+--------------------+--------------------+
; Device                                                                          ; 5CSEMA5F31C6       ;                    ;
; Top-level entity name                                                           ; FPGA_Footsies_V4   ; FPGA_Footsies_V4   ;
; Family name                                                                     ; Cyclone V          ; Cyclone V          ;
; Use smart compilation                                                           ; Off                ; Off                ;
; Enable parallel Assembler and Timing Analyzer during compilation                ; On                 ; On                 ;
; Enable compact report table                                                     ; Off                ; Off                ;
; Restructure Multiplexers                                                        ; Auto               ; Auto               ;
; MLAB Add Timing Constraints For Mixed-Port Feed-Through Mode Setting Don't Care ; Off                ; Off                ;
; Create Debugging Nodes for IP Cores                                             ; Off                ; Off                ;
; Preserve fewer node names                                                       ; On                 ; On                 ;
; Intel FPGA IP Evaluation Mode                                                   ; Enable             ; Enable             ;
; Verilog Version                                                                 ; Verilog_2001       ; Verilog_2001       ;
; VHDL Version                                                                    ; VHDL_1993          ; VHDL_1993          ;
; State Machine Processing                                                        ; Auto               ; Auto               ;
; Safe State Machine                                                              ; Off                ; Off                ;
; Extract Verilog State Machines                                                  ; On                 ; On                 ;
; Extract VHDL State Machines                                                     ; On                 ; On                 ;
; Ignore Verilog initial constructs                                               ; Off                ; Off                ;
; Iteration limit for constant Verilog loops                                      ; 5000               ; 5000               ;
; Iteration limit for non-constant Verilog loops                                  ; 250                ; 250                ;
; Add Pass-Through Logic to Inferred RAMs                                         ; On                 ; On                 ;
; Infer RAMs from Raw Logic                                                       ; On                 ; On                 ;
; Parallel Synthesis                                                              ; On                 ; On                 ;
; DSP Block Balancing                                                             ; Auto               ; Auto               ;
; NOT Gate Push-Back                                                              ; On                 ; On                 ;
; Power-Up Don't Care                                                             ; On                 ; On                 ;
; Remove Redundant Logic Cells                                                    ; Off                ; Off                ;
; Remove Duplicate Registers                                                      ; On                 ; On                 ;
; Ignore CARRY Buffers                                                            ; Off                ; Off                ;
; Ignore CASCADE Buffers                                                          ; Off                ; Off                ;
; Ignore GLOBAL Buffers                                                           ; Off                ; Off                ;
; Ignore ROW GLOBAL Buffers                                                       ; Off                ; Off                ;
; Ignore LCELL Buffers                                                            ; Off                ; Off                ;
; Ignore SOFT Buffers                                                             ; On                 ; On                 ;
; Limit AHDL Integers to 32 Bits                                                  ; Off                ; Off                ;
; Optimization Technique                                                          ; Balanced           ; Balanced           ;
; Carry Chain Length                                                              ; 70                 ; 70                 ;
; Auto Carry Chains                                                               ; On                 ; On                 ;
; Auto Open-Drain Pins                                                            ; On                 ; On                 ;
; Perform WYSIWYG Primitive Resynthesis                                           ; Off                ; Off                ;
; Auto ROM Replacement                                                            ; On                 ; On                 ;
; Auto RAM Replacement                                                            ; On                 ; On                 ;
; Auto DSP Block Replacement                                                      ; On                 ; On                 ;
; Auto Shift Register Replacement                                                 ; Auto               ; Auto               ;
; Allow Shift Register Merging across Hierarchies                                 ; Auto               ; Auto               ;
; Auto Clock Enable Replacement                                                   ; On                 ; On                 ;
; Strict RAM Replacement                                                          ; Off                ; Off                ;
; Allow Synchronous Control Signals                                               ; On                 ; On                 ;
; Force Use of Synchronous Clear Signals                                          ; Off                ; Off                ;
; Auto Resource Sharing                                                           ; Off                ; Off                ;
; Allow Any RAM Size For Recognition                                              ; Off                ; Off                ;
; Allow Any ROM Size For Recognition                                              ; Off                ; Off                ;
; Allow Any Shift Register Size For Recognition                                   ; Off                ; Off                ;
; Use LogicLock Constraints during Resource Balancing                             ; On                 ; On                 ;
; Ignore translate_off and synthesis_off directives                               ; Off                ; Off                ;
; Timing-Driven Synthesis                                                         ; On                 ; On                 ;
; Report Parameter Settings                                                       ; On                 ; On                 ;
; Report Source Assignments                                                       ; On                 ; On                 ;
; Report Connectivity Checks                                                      ; On                 ; On                 ;
; Ignore Maximum Fan-Out Assignments                                              ; Off                ; Off                ;
; Synchronization Register Chain Length                                           ; 3                  ; 3                  ;
; Power Optimization During Synthesis                                             ; Normal compilation ; Normal compilation ;
; HDL message level                                                               ; Level2             ; Level2             ;
; Suppress Register Optimization Related Messages                                 ; Off                ; Off                ;
; Number of Removed Registers Reported in Synthesis Report                        ; 5000               ; 5000               ;
; Number of Swept Nodes Reported in Synthesis Report                              ; 5000               ; 5000               ;
; Number of Inverted Registers Reported in Synthesis Report                       ; 100                ; 100                ;
; Clock MUX Protection                                                            ; On                 ; On                 ;
; Auto Gated Clock Conversion                                                     ; Off                ; Off                ;
; Block Design Naming                                                             ; Auto               ; Auto               ;
; SDC constraint protection                                                       ; Off                ; Off                ;
; Synthesis Effort                                                                ; Auto               ; Auto               ;
; Shift Register Replacement - Allow Asynchronous Clear Signal                    ; On                 ; On                 ;
; Pre-Mapping Resynthesis Optimization                                            ; Off                ; Off                ;
; Analysis & Synthesis Message Level                                              ; Medium             ; Medium             ;
; Disable Register Merging Across Hierarchies                                     ; Auto               ; Auto               ;
; Resource Aware Inference For Block RAM                                          ; On                 ; On                 ;
; Automatic Parallel Synthesis                                                    ; On                 ; On                 ;
; Partial Reconfiguration Bitstream ID                                            ; Off                ; Off                ;
+---------------------------------------------------------------------------------+--------------------+--------------------+


+------------------------------------------+
; Parallel Compilation                     ;
+----------------------------+-------------+
; Processors                 ; Number      ;
+----------------------------+-------------+
; Number detected on machine ; 16          ;
; Maximum allowed            ; 16          ;
;                            ;             ;
; Average used               ; 1.00        ;
; Maximum used               ; 16          ;
;                            ;             ;
; Usage by Processor         ; % Time Used ;
;     Processor 1            ; 100.0%      ;
;     Processor 2            ;   0.0%      ;
;     Processor 3            ;   0.0%      ;
;     Processors 4-16        ;   0.0%      ;
+----------------------------+-------------+


+-------------------------------------------------------------------------------------------------------------------------------------------------------+
; Analysis & Synthesis Source Files Read                                                                                                                ;
+----------------------------------+-----------------+------------------------+---------------------------------------------------------------+---------+
; File Name with User-Entered Path ; Used in Netlist ; File Type              ; File Name with Absolute Path                                  ; Library ;
+----------------------------------+-----------------+------------------------+---------------------------------------------------------------+---------+
; Collision_logic.v                ; yes             ; User Verilog HDL File  ; C:/Users/ernka/Desktop/FPGA_Footsies_V4/Collision_logic.v     ;         ;
; game_core.v                      ; yes             ; User Verilog HDL File  ; C:/Users/ernka/Desktop/FPGA_Footsies_V4/game_core.v           ;         ;
; FPGA_Footsies_V4.v               ; yes             ; User Verilog HDL File  ; C:/Users/ernka/Desktop/FPGA_Footsies_V4/FPGA_Footsies_V4.v    ;         ;
; Health_Block.v                   ; yes             ; User Verilog HDL File  ; C:/Users/ernka/Desktop/FPGA_Footsies_V4/Health_Block.v        ;         ;
; Sprite_boxes.v                   ; yes             ; User Verilog HDL File  ; C:/Users/ernka/Desktop/FPGA_Footsies_V4/Sprite_boxes.v        ;         ;
; Sprite_FSM.v                     ; yes             ; User Verilog HDL File  ; C:/Users/ernka/Desktop/FPGA_Footsies_V4/Sprite_FSM.v          ;         ;
; Sprite_renderer.v                ; yes             ; User Verilog HDL File  ; C:/Users/ernka/Desktop/FPGA_Footsies_V4/Sprite_renderer.v     ;         ;
; Clock_Divider.v                  ; yes             ; User Verilog HDL File  ; C:/Users/ernka/Desktop/FPGA_Footsies_V4/Clock_Divider.v       ;         ;
; Counter.v                        ; yes             ; User Verilog HDL File  ; C:/Users/ernka/Desktop/FPGA_Footsies_V4/Counter.v             ;         ;
; Background_renderer.v            ; yes             ; User Verilog HDL File  ; C:/Users/ernka/Desktop/FPGA_Footsies_V4/Background_renderer.v ;         ;
; vga_driver.v                     ; yes             ; User Verilog HDL File  ; C:/Users/ernka/Desktop/FPGA_Footsies_V4/vga_driver.v          ;         ;
; keypad_1x3.v                     ; yes             ; User Verilog HDL File  ; C:/Users/ernka/Desktop/FPGA_Footsies_V4/keypad_1x3.v          ;         ;
+----------------------------------+-----------------+------------------------+---------------------------------------------------------------+---------+


+----------------------------------------------------------------------------------------------------------+
; Analysis & Synthesis Resource Usage Summary                                                              ;
+---------------------------------------------+------------------------------------------------------------+
; Resource                                    ; Usage                                                      ;
+---------------------------------------------+------------------------------------------------------------+
; Estimate of Logic utilization (ALMs needed) ; 972                                                        ;
;                                             ;                                                            ;
; Combinational ALUT usage for logic          ; 1429                                                       ;
;     -- 7 input functions                    ; 12                                                         ;
;     -- 6 input functions                    ; 502                                                        ;
;     -- 5 input functions                    ; 214                                                        ;
;     -- 4 input functions                    ; 142                                                        ;
;     -- <=3 input functions                  ; 559                                                        ;
;                                             ;                                                            ;
; Dedicated logic registers                   ; 194                                                        ;
;                                             ;                                                            ;
; I/O pins                                    ; 135                                                        ;
;                                             ;                                                            ;
; Total DSP Blocks                            ; 0                                                          ;
;                                             ;                                                            ;
; Maximum fan-out node                        ; game_core:twoplayers|vga_driver:vga|h_state.H_ACTIVE_STATE ;
; Maximum fan-out                             ; 208                                                        ;
; Total fan-out                               ; 6801                                                       ;
; Average fan-out                             ; 3.53                                                       ;
+---------------------------------------------+------------------------------------------------------------+


+--------------------------------------------------------------------------------------------------------------------------------------------------------------------------------------------------------------------------------------------------------------------------+
; Analysis & Synthesis Resource Utilization by Entity                                                                                                                                                                                                                      ;
+----------------------------------------+---------------------+---------------------------+-------------------+------------+------+--------------+-----------------------------------------------------------------------------------+---------------------+--------------+
; Compilation Hierarchy Node             ; Combinational ALUTs ; Dedicated Logic Registers ; Block Memory Bits ; DSP Blocks ; Pins ; Virtual Pins ; Full Hierarchy Name                                                               ; Entity Name         ; Library Name ;
+----------------------------------------+---------------------+---------------------------+-------------------+------------+------+--------------+-----------------------------------------------------------------------------------+---------------------+--------------+
; |FPGA_Footsies_V4                      ; 1429 (1)            ; 194 (0)                   ; 0                 ; 0          ; 135  ; 0            ; |FPGA_Footsies_V4                                                                 ; FPGA_Footsies_V4    ; work         ;
;    |Clock_Divider:clk_div_inst|        ; 42 (10)             ; 35 (3)                    ; 0                 ; 0          ; 0    ; 0            ; |FPGA_Footsies_V4|Clock_Divider:clk_div_inst                                      ; Clock_Divider       ; work         ;
;       |Counter:count_inst|             ; 32 (32)             ; 32 (32)                   ; 0                 ; 0          ; 0    ; 0            ; |FPGA_Footsies_V4|Clock_Divider:clk_div_inst|Counter:count_inst                   ; Counter             ; work         ;
;    |game_core:twoplayers|              ; 1383 (564)          ; 156 (0)                   ; 0                 ; 0          ; 0    ; 0            ; |FPGA_Footsies_V4|game_core:twoplayers                                            ; game_core           ; work         ;
;       |Background_Renderer:background| ; 73 (73)             ; 0 (0)                     ; 0                 ; 0          ; 0    ; 0            ; |FPGA_Footsies_V4|game_core:twoplayers|Background_Renderer:background             ; Background_Renderer ; work         ;
;       |Clock_Divider:clock_fsm|        ; 41 (9)              ; 35 (3)                    ; 0                 ; 0          ; 0    ; 0            ; |FPGA_Footsies_V4|game_core:twoplayers|Clock_Divider:clock_fsm                    ; Clock_Divider       ; work         ;
;          |Counter:count_inst|          ; 32 (32)             ; 32 (32)                   ; 0                 ; 0          ; 0    ; 0            ; |FPGA_Footsies_V4|game_core:twoplayers|Clock_Divider:clock_fsm|Counter:count_inst ; Counter             ; work         ;
;       |Clock_Divider:clock_vga|        ; 40 (8)              ; 34 (2)                    ; 0                 ; 0          ; 0    ; 0            ; |FPGA_Footsies_V4|game_core:twoplayers|Clock_Divider:clock_vga                    ; Clock_Divider       ; work         ;
;          |Counter:count_inst|          ; 32 (32)             ; 32 (32)                   ; 0                 ; 0          ; 0    ; 0            ; |FPGA_Footsies_V4|game_core:twoplayers|Clock_Divider:clock_vga|Counter:count_inst ; Counter             ; work         ;
;       |Collision_logic:col_p1_hits_p2| ; 60 (60)             ; 0 (0)                     ; 0                 ; 0          ; 0    ; 0            ; |FPGA_Footsies_V4|game_core:twoplayers|Collision_logic:col_p1_hits_p2             ; Collision_logic     ; work         ;
;       |Collision_logic:col_p2_hits_p1| ; 63 (63)             ; 0 (0)                     ; 0                 ; 0          ; 0    ; 0            ; |FPGA_Footsies_V4|game_core:twoplayers|Collision_logic:col_p2_hits_p1             ; Collision_logic     ; work         ;
;       |Health_Block:health_block_p1|   ; 7 (7)               ; 6 (6)                     ; 0                 ; 0          ; 0    ; 0            ; |FPGA_Footsies_V4|game_core:twoplayers|Health_Block:health_block_p1               ; Health_Block        ; work         ;
;       |Health_Block:health_block_p2|   ; 7 (7)               ; 6 (6)                     ; 0                 ; 0          ; 0    ; 0            ; |FPGA_Footsies_V4|game_core:twoplayers|Health_Block:health_block_p2               ; Health_Block        ; work         ;
;       |Sprite_FSM:fsm_p1|              ; 39 (39)             ; 9 (9)                     ; 0                 ; 0          ; 0    ; 0            ; |FPGA_Footsies_V4|game_core:twoplayers|Sprite_FSM:fsm_p1                          ; Sprite_FSM          ; work         ;
;       |Sprite_FSM:fsm_p2|              ; 39 (39)             ; 9 (9)                     ; 0                 ; 0          ; 0    ; 0            ; |FPGA_Footsies_V4|game_core:twoplayers|Sprite_FSM:fsm_p2                          ; Sprite_FSM          ; work         ;
;       |Sprite_boxes:boxes1|            ; 137 (137)           ; 0 (0)                     ; 0                 ; 0          ; 0    ; 0            ; |FPGA_Footsies_V4|game_core:twoplayers|Sprite_boxes:boxes1                        ; Sprite_boxes        ; work         ;
;       |Sprite_boxes:boxes2|            ; 126 (126)           ; 0 (0)                     ; 0                 ; 0          ; 0    ; 0            ; |FPGA_Footsies_V4|game_core:twoplayers|Sprite_boxes:boxes2                        ; Sprite_boxes        ; work         ;
;       |Sprite_renderer:render1|        ; 69 (69)             ; 10 (10)                   ; 0                 ; 0          ; 0    ; 0            ; |FPGA_Footsies_V4|game_core:twoplayers|Sprite_renderer:render1                    ; Sprite_renderer     ; work         ;
;       |Sprite_renderer:render2|        ; 47 (47)             ; 10 (10)                   ; 0                 ; 0          ; 0    ; 0            ; |FPGA_Footsies_V4|game_core:twoplayers|Sprite_renderer:render2                    ; Sprite_renderer     ; work         ;
;       |vga_driver:vga|                 ; 71 (71)             ; 37 (37)                   ; 0                 ; 0          ; 0    ; 0            ; |FPGA_Footsies_V4|game_core:twoplayers|vga_driver:vga                             ; vga_driver          ; work         ;
;    |keypad_1x3:keypad_inst|            ; 3 (3)               ; 3 (3)                     ; 0                 ; 0          ; 0    ; 0            ; |FPGA_Footsies_V4|keypad_1x3:keypad_inst                                          ; keypad_1x3          ; work         ;
+----------------------------------------+---------------------+---------------------------+-------------------+------------+------+--------------+-----------------------------------------------------------------------------------+---------------------+--------------+
Note: For table entries with two numbers listed, the numbers in parentheses indicate the number of resources of the given type used by the specific entity alone. The numbers listed outside of parentheses indicate the total resources of the given type used by the specific entity and all of its sub-entities in the hierarchy.


Encoding Type:  One-Hot
+------------------------------------------------------------------------------------------------------------------------+
; State Machine - |FPGA_Footsies_V4|game_core:twoplayers|vga_driver:vga|v_state                                          ;
+------------------------+----------------------+-----------------------+-----------------------+------------------------+
; Name                   ; v_state.V_BACK_STATE ; v_state.V_PULSE_STATE ; v_state.V_FRONT_STATE ; v_state.V_ACTIVE_STATE ;
+------------------------+----------------------+-----------------------+-----------------------+------------------------+
; v_state.V_ACTIVE_STATE ; 0                    ; 0                     ; 0                     ; 0                      ;
; v_state.V_FRONT_STATE  ; 0                    ; 0                     ; 1                     ; 1                      ;
; v_state.V_PULSE_STATE  ; 0                    ; 1                     ; 0                     ; 1                      ;
; v_state.V_BACK_STATE   ; 1                    ; 0                     ; 0                     ; 1                      ;
+------------------------+----------------------+-----------------------+-----------------------+------------------------+


Encoding Type:  One-Hot
+------------------------------------------------------------------------------------------------------------------------+
; State Machine - |FPGA_Footsies_V4|game_core:twoplayers|vga_driver:vga|h_state                                          ;
+------------------------+----------------------+-----------------------+-----------------------+------------------------+
; Name                   ; h_state.H_BACK_STATE ; h_state.H_PULSE_STATE ; h_state.H_FRONT_STATE ; h_state.H_ACTIVE_STATE ;
+------------------------+----------------------+-----------------------+-----------------------+------------------------+
; h_state.H_ACTIVE_STATE ; 0                    ; 0                     ; 0                     ; 0                      ;
; h_state.H_FRONT_STATE  ; 0                    ; 0                     ; 1                     ; 1                      ;
; h_state.H_PULSE_STATE  ; 0                    ; 1                     ; 0                     ; 1                      ;
; h_state.H_BACK_STATE   ; 1                    ; 0                     ; 0                     ; 1                      ;
+------------------------+----------------------+-----------------------+-----------------------+------------------------+


+-----------------------------------------------------------------------------------------------------+
; Registers Removed During Synthesis                                                                  ;
+------------------------------------------------------------+----------------------------------------+
; Register name                                              ; Reason for Removal                     ;
+------------------------------------------------------------+----------------------------------------+
; game_core:twoplayers|vga_driver:vga|red_reg[0]             ; Stuck at GND due to stuck port data_in ;
; game_core:twoplayers|vga_driver:vga|green_reg[0..4]        ; Stuck at GND due to stuck port data_in ;
; game_core:twoplayers|vga_driver:vga|blue_reg[0..5]         ; Stuck at GND due to stuck port data_in ;
; game_core:twoplayers|vga_driver:vga|red_reg[1..4]          ; Stuck at GND due to stuck port data_in ;
; game_core:twoplayers|Sprite_renderer:render2|sprite_y[8,9] ; Stuck at GND due to stuck port data_in ;
; game_core:twoplayers|Sprite_renderer:render2|sprite_y[7]   ; Stuck at VCC due to stuck port data_in ;
; game_core:twoplayers|Sprite_renderer:render2|sprite_y[6]   ; Stuck at GND due to stuck port data_in ;
; game_core:twoplayers|Sprite_renderer:render2|sprite_y[4,5] ; Stuck at VCC due to stuck port data_in ;
; game_core:twoplayers|Sprite_renderer:render2|sprite_y[3]   ; Stuck at GND due to stuck port data_in ;
; game_core:twoplayers|Sprite_renderer:render2|sprite_y[2]   ; Stuck at VCC due to stuck port data_in ;
; game_core:twoplayers|Sprite_renderer:render2|sprite_y[0,1] ; Stuck at GND due to stuck port data_in ;
; game_core:twoplayers|Sprite_renderer:render1|sprite_y[8,9] ; Stuck at GND due to stuck port data_in ;
; game_core:twoplayers|Sprite_renderer:render1|sprite_y[7]   ; Stuck at VCC due to stuck port data_in ;
; game_core:twoplayers|Sprite_renderer:render1|sprite_y[6]   ; Stuck at GND due to stuck port data_in ;
; game_core:twoplayers|Sprite_renderer:render1|sprite_y[4,5] ; Stuck at VCC due to stuck port data_in ;
; game_core:twoplayers|Sprite_renderer:render1|sprite_y[3]   ; Stuck at GND due to stuck port data_in ;
; game_core:twoplayers|Sprite_renderer:render1|sprite_y[2]   ; Stuck at VCC due to stuck port data_in ;
; game_core:twoplayers|Sprite_renderer:render1|sprite_y[0,1] ; Stuck at GND due to stuck port data_in ;
; game_core:twoplayers|Clock_Divider:clock_fsm|control[1]    ; Stuck at GND due to stuck port data_in ;
; game_core:twoplayers|Clock_Divider:clock_vga|control[1]    ; Stuck at GND due to stuck port data_in ;
; keypad_1x3:keypad_inst|row                                 ; Stuck at GND due to stuck port data_in ;
; Clock_Divider:clk_div_inst|control[1]                      ; Stuck at GND due to stuck port data_in ;
; game_core:twoplayers|vga_driver:vga|blue_reg[6,7]          ; Stuck at GND due to stuck port data_in ;
; game_core:twoplayers|Clock_Divider:clock_vga|prev_bypass   ; Stuck at GND due to stuck port data_in ;
; game_core:twoplayers|vga_driver:vga|v_state~5              ; Lost fanout                            ;
; game_core:twoplayers|vga_driver:vga|v_state~6              ; Lost fanout                            ;
; game_core:twoplayers|vga_driver:vga|v_state~7              ; Lost fanout                            ;
; game_core:twoplayers|vga_driver:vga|v_state~8              ; Lost fanout                            ;
; game_core:twoplayers|vga_driver:vga|v_state~9              ; Lost fanout                            ;
; game_core:twoplayers|vga_driver:vga|v_state~10             ; Lost fanout                            ;
; game_core:twoplayers|vga_driver:vga|v_state~11             ; Lost fanout                            ;
; game_core:twoplayers|vga_driver:vga|v_state~12             ; Lost fanout                            ;
; game_core:twoplayers|vga_driver:vga|h_state~5              ; Lost fanout                            ;
; game_core:twoplayers|vga_driver:vga|h_state~6              ; Lost fanout                            ;
; game_core:twoplayers|vga_driver:vga|h_state~7              ; Lost fanout                            ;
; game_core:twoplayers|vga_driver:vga|h_state~8              ; Lost fanout                            ;
; game_core:twoplayers|vga_driver:vga|h_state~9              ; Lost fanout                            ;
; game_core:twoplayers|vga_driver:vga|h_state~10             ; Lost fanout                            ;
; game_core:twoplayers|vga_driver:vga|h_state~11             ; Lost fanout                            ;
; game_core:twoplayers|vga_driver:vga|h_state~12             ; Lost fanout                            ;
; game_core:twoplayers|Sprite_FSM:fsm_p2|frame_counter[4,5]  ; Stuck at GND due to stuck port data_in ;
; game_core:twoplayers|Sprite_FSM:fsm_p1|frame_counter[4,5]  ; Stuck at GND due to stuck port data_in ;
; Total Number of Removed Registers = 63                     ;                                        ;
+------------------------------------------------------------+----------------------------------------+


+-----------------------------------------------------------------------------------------------------------------------------------------------+
; Removed Registers Triggering Further Register Optimizations                                                                                   ;
+---------------------------------------------------------+---------------------------+---------------------------------------------------------+
; Register name                                           ; Reason for Removal        ; Registers Removed due to This Register                  ;
+---------------------------------------------------------+---------------------------+---------------------------------------------------------+
; game_core:twoplayers|Sprite_FSM:fsm_p1|frame_counter[4] ; Stuck at GND              ; game_core:twoplayers|Sprite_FSM:fsm_p1|frame_counter[5] ;
;                                                         ; due to stuck port data_in ;                                                         ;
+---------------------------------------------------------+---------------------------+---------------------------------------------------------+


+------------------------------------------------------+
; General Register Statistics                          ;
+----------------------------------------------+-------+
; Statistic                                    ; Value ;
+----------------------------------------------+-------+
; Total registers                              ; 194   ;
; Number of registers using Synchronous Clear  ; 130   ;
; Number of registers using Synchronous Load   ; 2     ;
; Number of registers using Asynchronous Clear ; 0     ;
; Number of registers using Asynchronous Load  ; 0     ;
; Number of registers using Clock Enable       ; 28    ;
; Number of registers using Preset             ; 0     ;
+----------------------------------------------+-------+


+-----------------------------------------------------------------------+
; Inverted Register Statistics                                          ;
+-------------------------------------------------------------+---------+
; Inverted Register                                           ; Fan out ;
+-------------------------------------------------------------+---------+
; game_core:twoplayers|Health_Block:health_block_p2|health[0] ; 5       ;
; game_core:twoplayers|Health_Block:health_block_p2|health[1] ; 5       ;
; game_core:twoplayers|Health_Block:health_block_p1|health[0] ; 5       ;
; game_core:twoplayers|Health_Block:health_block_p1|health[1] ; 5       ;
; game_core:twoplayers|Health_Block:health_block_p2|block[1]  ; 6       ;
; game_core:twoplayers|Health_Block:health_block_p2|block[0]  ; 6       ;
; game_core:twoplayers|Sprite_renderer:render2|sprite_x[4]    ; 21      ;
; game_core:twoplayers|Sprite_renderer:render2|sprite_x[3]    ; 22      ;
; game_core:twoplayers|Sprite_renderer:render2|sprite_x[2]    ; 22      ;
; game_core:twoplayers|Sprite_renderer:render1|sprite_x[2]    ; 22      ;
; game_core:twoplayers|Sprite_renderer:render1|sprite_x[5]    ; 24      ;
; game_core:twoplayers|Sprite_renderer:render1|sprite_x[6]    ; 38      ;
; game_core:twoplayers|Health_Block:health_block_p1|block[1]  ; 5       ;
; game_core:twoplayers|Health_Block:health_block_p1|block[0]  ; 5       ;
; game_core:twoplayers|Sprite_renderer:render2|sprite_x[7]    ; 21      ;
; game_core:twoplayers|Sprite_renderer:render2|sprite_x[6]    ; 22      ;
; game_core:twoplayers|Sprite_renderer:render2|sprite_x[8]    ; 20      ;
; Total number of inverted registers = 17                     ;         ;
+-------------------------------------------------------------+---------+


+---------------------------------------------------------------------------------------------------------------------------------------------------------------------------------------------+
; Multiplexer Restructuring Statistics (Restructuring Performed)                                                                                                                              ;
+--------------------+-----------+---------------+----------------------+------------------------+------------+-------------------------------------------------------------------------------+
; Multiplexer Inputs ; Bus Width ; Baseline Area ; Area if Restructured ; Saving if Restructured ; Registered ; Example Multiplexer Output                                                    ;
+--------------------+-----------+---------------+----------------------+------------------------+------------+-------------------------------------------------------------------------------+
; 5:1                ; 3 bits    ; 9 LEs         ; 3 LEs                ; 6 LEs                  ; Yes        ; |FPGA_Footsies_V4|game_core:twoplayers|Sprite_renderer:render2|sprite_x[9]    ;
; 5:1                ; 6 bits    ; 18 LEs        ; 6 LEs                ; 12 LEs                 ; Yes        ; |FPGA_Footsies_V4|game_core:twoplayers|Sprite_renderer:render1|sprite_x[1]    ;
; 9:1                ; 10 bits   ; 60 LEs        ; 0 LEs                ; 60 LEs                 ; Yes        ; |FPGA_Footsies_V4|game_core:twoplayers|vga_driver:vga|v_counter[4]            ;
; 9:1                ; 10 bits   ; 60 LEs        ; 0 LEs                ; 60 LEs                 ; Yes        ; |FPGA_Footsies_V4|game_core:twoplayers|vga_driver:vga|h_counter[4]            ;
; 25:1               ; 6 bits    ; 96 LEs        ; 24 LEs               ; 72 LEs                 ; Yes        ; |FPGA_Footsies_V4|game_core:twoplayers|Sprite_FSM:fsm_p2|frame_counter[5]     ;
; 25:1               ; 6 bits    ; 96 LEs        ; 24 LEs               ; 72 LEs                 ; Yes        ; |FPGA_Footsies_V4|game_core:twoplayers|Sprite_FSM:fsm_p1|frame_counter[2]     ;
; 3:1                ; 2 bits    ; 4 LEs         ; 2 LEs                ; 2 LEs                  ; Yes        ; |FPGA_Footsies_V4|game_core:twoplayers|Health_Block:health_block_p2|health[0] ;
; 3:1                ; 2 bits    ; 4 LEs         ; 2 LEs                ; 2 LEs                  ; Yes        ; |FPGA_Footsies_V4|game_core:twoplayers|Health_Block:health_block_p1|health[1] ;
; 3:1                ; 2 bits    ; 4 LEs         ; 2 LEs                ; 2 LEs                  ; Yes        ; |FPGA_Footsies_V4|game_core:twoplayers|Health_Block:health_block_p2|block[1]  ;
; 3:1                ; 2 bits    ; 4 LEs         ; 2 LEs                ; 2 LEs                  ; Yes        ; |FPGA_Footsies_V4|game_core:twoplayers|Health_Block:health_block_p1|block[0]  ;
; 5:1                ; 6 bits    ; 18 LEs        ; 6 LEs                ; 12 LEs                 ; Yes        ; |FPGA_Footsies_V4|game_core:twoplayers|Sprite_renderer:render2|sprite_x[3]    ;
; 5:1                ; 3 bits    ; 9 LEs         ; 3 LEs                ; 6 LEs                  ; Yes        ; |FPGA_Footsies_V4|game_core:twoplayers|Sprite_renderer:render1|sprite_x[2]    ;
; 4:1                ; 7 bits    ; 14 LEs        ; 14 LEs               ; 0 LEs                  ; No         ; |FPGA_Footsies_V4|game_core:twoplayers|Sprite_boxes:boxes1|Selector34         ;
; 3:1                ; 2 bits    ; 4 LEs         ; 4 LEs                ; 0 LEs                  ; No         ; |FPGA_Footsies_V4|game_core:twoplayers|Sprite_boxes:boxes1|Selector42         ;
; 3:1                ; 14 bits   ; 28 LEs        ; 28 LEs               ; 0 LEs                  ; No         ; |FPGA_Footsies_V4|game_core:twoplayers|Sprite_boxes:boxes1|Selector34         ;
; 5:1                ; 2 bits    ; 6 LEs         ; 6 LEs                ; 0 LEs                  ; No         ; |FPGA_Footsies_V4|game_core:twoplayers|Sprite_boxes:boxes1|Mux11              ;
; 5:1                ; 2 bits    ; 6 LEs         ; 6 LEs                ; 0 LEs                  ; No         ; |FPGA_Footsies_V4|game_core:twoplayers|Sprite_boxes:boxes1|Selector42         ;
; 16:1               ; 8 bits    ; 80 LEs        ; 32 LEs               ; 48 LEs                 ; No         ; |FPGA_Footsies_V4|game_core:twoplayers|Sprite_boxes:boxes2|Selector4          ;
; 16:1               ; 7 bits    ; 70 LEs        ; 28 LEs               ; 42 LEs                 ; No         ; |FPGA_Footsies_V4|game_core:twoplayers|Sprite_boxes:boxes2|Selector32         ;
; 16:1               ; 8 bits    ; 80 LEs        ; 32 LEs               ; 48 LEs                 ; No         ; |FPGA_Footsies_V4|game_core:twoplayers|Sprite_boxes:boxes1|Selector0          ;
; 16:1               ; 4 bits    ; 40 LEs        ; 16 LEs               ; 24 LEs                 ; No         ; |FPGA_Footsies_V4|game_core:twoplayers|Sprite_boxes:boxes1|Mux3               ;
; 6:1                ; 2 bits    ; 8 LEs         ; 6 LEs                ; 2 LEs                  ; No         ; |FPGA_Footsies_V4|game_core:twoplayers|Sprite_boxes:boxes1|Selector7          ;
; 7:1                ; 7 bits    ; 28 LEs        ; 28 LEs               ; 0 LEs                  ; No         ; |FPGA_Footsies_V4|game_core:twoplayers|Sprite_boxes:boxes1|Mux10              ;
; 10:1               ; 2 bits    ; 12 LEs        ; 8 LEs                ; 4 LEs                  ; No         ; |FPGA_Footsies_V4|game_core:twoplayers|Sprite_boxes:boxes2|Selector7          ;
; 10:1               ; 2 bits    ; 12 LEs        ; 10 LEs               ; 2 LEs                  ; No         ; |FPGA_Footsies_V4|game_core:twoplayers|Sprite_boxes:boxes2|Selector37         ;
+--------------------+-----------+---------------+----------------------+------------------------+------------+-------------------------------------------------------------------------------+


+-------------------------------------------------------------------------+
; Parameter Settings for User Entity Instance: Clock_Divider:clk_div_inst ;
+----------------+-------+------------------------------------------------+
; Parameter Name ; Value ; Type                                           ;
+----------------+-------+------------------------------------------------+
; division       ; 2     ; Signed Integer                                 ;
; W              ; 32    ; Signed Integer                                 ;
+----------------+-------+------------------------------------------------+
Note: In order to hide this table in the UI and the text report file, please set the "Show Parameter Settings in Synthesis Report" option in "Analysis and Synthesis Settings -> More Settings" to "Off".


+--------------------------------------------------------------------------------------------+
; Parameter Settings for User Entity Instance: Clock_Divider:clk_div_inst|Counter:count_inst ;
+----------------+-------+-------------------------------------------------------------------+
; Parameter Name ; Value ; Type                                                              ;
+----------------+-------+-------------------------------------------------------------------+
; W              ; 32    ; Signed Integer                                                    ;
+----------------+-------+-------------------------------------------------------------------+
Note: In order to hide this table in the UI and the text report file, please set the "Show Parameter Settings in Synthesis Report" option in "Analysis and Synthesis Settings -> More Settings" to "Off".


+-------------------------------------------------------------------------------------------+
; Parameter Settings for User Entity Instance: game_core:twoplayers|Clock_Divider:clock_vga ;
+----------------+-------+------------------------------------------------------------------+
; Parameter Name ; Value ; Type                                                             ;
+----------------+-------+------------------------------------------------------------------+
; division       ; 2     ; Signed Integer                                                   ;
; W              ; 32    ; Signed Integer                                                   ;
+----------------+-------+------------------------------------------------------------------+
Note: In order to hide this table in the UI and the text report file, please set the "Show Parameter Settings in Synthesis Report" option in "Analysis and Synthesis Settings -> More Settings" to "Off".


+--------------------------------------------------------------------------------------------------------------+
; Parameter Settings for User Entity Instance: game_core:twoplayers|Clock_Divider:clock_vga|Counter:count_inst ;
+----------------+-------+-------------------------------------------------------------------------------------+
; Parameter Name ; Value ; Type                                                                                ;
+----------------+-------+-------------------------------------------------------------------------------------+
; W              ; 32    ; Signed Integer                                                                      ;
+----------------+-------+-------------------------------------------------------------------------------------+
Note: In order to hide this table in the UI and the text report file, please set the "Show Parameter Settings in Synthesis Report" option in "Analysis and Synthesis Settings -> More Settings" to "Off".


+-------------------------------------------------------------------------------------------+
; Parameter Settings for User Entity Instance: game_core:twoplayers|Clock_Divider:clock_fsm ;
+----------------+--------+-----------------------------------------------------------------+
; Parameter Name ; Value  ; Type                                                            ;
+----------------+--------+-----------------------------------------------------------------+
; division       ; 833334 ; Signed Integer                                                  ;
; W              ; 32     ; Signed Integer                                                  ;
+----------------+--------+-----------------------------------------------------------------+
Note: In order to hide this table in the UI and the text report file, please set the "Show Parameter Settings in Synthesis Report" option in "Analysis and Synthesis Settings -> More Settings" to "Off".


+--------------------------------------------------------------------------------------------------------------+
; Parameter Settings for User Entity Instance: game_core:twoplayers|Clock_Divider:clock_fsm|Counter:count_inst ;
+----------------+-------+-------------------------------------------------------------------------------------+
; Parameter Name ; Value ; Type                                                                                ;
+----------------+-------+-------------------------------------------------------------------------------------+
; W              ; 32    ; Signed Integer                                                                      ;
+----------------+-------+-------------------------------------------------------------------------------------+
Note: In order to hide this table in the UI and the text report file, please set the "Show Parameter Settings in Synthesis Report" option in "Analysis and Synthesis Settings -> More Settings" to "Off".


+-------------------------------------------------------------------------------------------+
; Parameter Settings for User Entity Instance: game_core:twoplayers|Sprite_renderer:render1 ;
+----------------+-------+------------------------------------------------------------------+
; Parameter Name ; Value ; Type                                                             ;
+----------------+-------+------------------------------------------------------------------+
; IS_MIRRORED    ; 0     ; Signed Integer                                                   ;
+----------------+-------+------------------------------------------------------------------+
Note: In order to hide this table in the UI and the text report file, please set the "Show Parameter Settings in Synthesis Report" option in "Analysis and Synthesis Settings -> More Settings" to "Off".


+-------------------------------------------------------------------------------------------+
; Parameter Settings for User Entity Instance: game_core:twoplayers|Sprite_renderer:render2 ;
+----------------+-------+------------------------------------------------------------------+
; Parameter Name ; Value ; Type                                                             ;
+----------------+-------+------------------------------------------------------------------+
; IS_MIRRORED    ; 1     ; Signed Integer                                                   ;
+----------------+-------+------------------------------------------------------------------+
Note: In order to hide this table in the UI and the text report file, please set the "Show Parameter Settings in Synthesis Report" option in "Analysis and Synthesis Settings -> More Settings" to "Off".


+--------------------------------------------------------------------------------------------------+
; Parameter Settings for User Entity Instance: game_core:twoplayers|Background_Renderer:background ;
+-----------------+-------+------------------------------------------------------------------------+
; Parameter Name  ; Value ; Type                                                                   ;
+-----------------+-------+------------------------------------------------------------------------+
; HEART_SIZE      ; 16    ; Signed Integer                                                         ;
; HEART_OFFSET    ; 20    ; Signed Integer                                                         ;
; HEART_SPACING   ; 25    ; Signed Integer                                                         ;
; SHIELD_SIZE     ; 12    ; Signed Integer                                                         ;
; SHIELD_Y_OFFSET ; 25    ; Signed Integer                                                         ;
+-----------------+-------+------------------------------------------------------------------------+
Note: In order to hide this table in the UI and the text report file, please set the "Show Parameter Settings in Synthesis Report" option in "Analysis and Synthesis Settings -> More Settings" to "Off".


+---------------------------------------------------------------------------------------+
; Parameter Settings for User Entity Instance: game_core:twoplayers|Sprite_boxes:boxes1 ;
+----------------+-------+--------------------------------------------------------------+
; Parameter Name ; Value ; Type                                                         ;
+----------------+-------+--------------------------------------------------------------+
; IS_MIRRORED    ; 0     ; Signed Integer                                               ;
+----------------+-------+--------------------------------------------------------------+
Note: In order to hide this table in the UI and the text report file, please set the "Show Parameter Settings in Synthesis Report" option in "Analysis and Synthesis Settings -> More Settings" to "Off".


+---------------------------------------------------------------------------------------+
; Parameter Settings for User Entity Instance: game_core:twoplayers|Sprite_boxes:boxes2 ;
+----------------+-------+--------------------------------------------------------------+
; Parameter Name ; Value ; Type                                                         ;
+----------------+-------+--------------------------------------------------------------+
; IS_MIRRORED    ; 1     ; Signed Integer                                               ;
+----------------+-------+--------------------------------------------------------------+
Note: In order to hide this table in the UI and the text report file, please set the "Show Parameter Settings in Synthesis Report" option in "Analysis and Synthesis Settings -> More Settings" to "Off".


+----------------------------------------------------------------------------------+
; Parameter Settings for User Entity Instance: game_core:twoplayers|vga_driver:vga ;
+----------------+------------+----------------------------------------------------+
; Parameter Name ; Value      ; Type                                               ;
+----------------+------------+----------------------------------------------------+
; H_ACTIVE       ; 1001111111 ; Unsigned Binary                                    ;
; H_FRONT        ; 0000001111 ; Unsigned Binary                                    ;
; H_PULSE        ; 0001011111 ; Unsigned Binary                                    ;
; H_BACK         ; 0000101111 ; Unsigned Binary                                    ;
; V_ACTIVE       ; 0111011111 ; Unsigned Binary                                    ;
; V_FRONT        ; 0000001001 ; Unsigned Binary                                    ;
; V_PULSE        ; 0000000001 ; Unsigned Binary                                    ;
; V_BACK         ; 0000100000 ; Unsigned Binary                                    ;
; LOW            ; 0          ; Unsigned Binary                                    ;
; HIGH           ; 1          ; Unsigned Binary                                    ;
; H_ACTIVE_STATE ; 00000000   ; Unsigned Binary                                    ;
; H_FRONT_STATE  ; 00000001   ; Unsigned Binary                                    ;
; H_PULSE_STATE  ; 00000010   ; Unsigned Binary                                    ;
; H_BACK_STATE   ; 00000011   ; Unsigned Binary                                    ;
; V_ACTIVE_STATE ; 00000000   ; Unsigned Binary                                    ;
; V_FRONT_STATE  ; 00000001   ; Unsigned Binary                                    ;
; V_PULSE_STATE  ; 00000010   ; Unsigned Binary                                    ;
; V_BACK_STATE   ; 00000011   ; Unsigned Binary                                    ;
+----------------+------------+----------------------------------------------------+
Note: In order to hide this table in the UI and the text report file, please set the "Show Parameter Settings in Synthesis Report" option in "Analysis and Synthesis Settings -> More Settings" to "Off".


+-----------------------------------------------------------------+
; Port Connectivity Checks: "game_core:twoplayers|vga_driver:vga" ;
+-------+-------+----------+--------------------------------------+
; Port  ; Type  ; Severity ; Details                              ;
+-------+-------+----------+--------------------------------------+
; reset ; Input ; Info     ; Stuck at GND                         ;
+-------+-------+----------+--------------------------------------+


+----------------------------------------------------------------------------------------------------------------------------------------------------------------------------------------------------+
; Port Connectivity Checks: "game_core:twoplayers|Health_Block:health_block_p2"                                                                                                                      ;
+--------+--------+----------+-----------------------------------------------------------------------------------------------------------------------------------------------------------------------+
; Port   ; Type   ; Severity ; Details                                                                                                                                                               ;
+--------+--------+----------+-----------------------------------------------------------------------------------------------------------------------------------------------------------------------+
; health ; Output ; Warning  ; Output or bidir port (2 bits) is smaller than the port expression (3 bits) it drives.  The 1 most-significant bit(s) in the port expression will be connected to GND. ;
; block  ; Output ; Warning  ; Output or bidir port (2 bits) is smaller than the port expression (3 bits) it drives.  The 1 most-significant bit(s) in the port expression will be connected to GND. ;
+--------+--------+----------+-----------------------------------------------------------------------------------------------------------------------------------------------------------------------+


+----------------------------------------------------------------------------------------------------------------------------------------------------------------------------------------------------+
; Port Connectivity Checks: "game_core:twoplayers|Health_Block:health_block_p1"                                                                                                                      ;
+--------+--------+----------+-----------------------------------------------------------------------------------------------------------------------------------------------------------------------+
; Port   ; Type   ; Severity ; Details                                                                                                                                                               ;
+--------+--------+----------+-----------------------------------------------------------------------------------------------------------------------------------------------------------------------+
; health ; Output ; Warning  ; Output or bidir port (2 bits) is smaller than the port expression (3 bits) it drives.  The 1 most-significant bit(s) in the port expression will be connected to GND. ;
; block  ; Output ; Warning  ; Output or bidir port (2 bits) is smaller than the port expression (3 bits) it drives.  The 1 most-significant bit(s) in the port expression will be connected to GND. ;
+--------+--------+----------+-----------------------------------------------------------------------------------------------------------------------------------------------------------------------+


+--------------------------------------------------------------------------------------------------------------------------+
; Port Connectivity Checks: "game_core:twoplayers|Sprite_boxes:boxes2"                                                     ;
+----------------+--------+----------+-------------------------------------------------------------------------------------+
; Port           ; Type   ; Severity ; Details                                                                             ;
+----------------+--------+----------+-------------------------------------------------------------------------------------+
; visible_box_x1 ; Output ; Info     ; Connected to dangling logic. Logic that only feeds a dangling port will be removed. ;
; visible_box_x2 ; Output ; Info     ; Connected to dangling logic. Logic that only feeds a dangling port will be removed. ;
; visible_box_y1 ; Output ; Info     ; Connected to dangling logic. Logic that only feeds a dangling port will be removed. ;
; visible_box_y2 ; Output ; Info     ; Connected to dangling logic. Logic that only feeds a dangling port will be removed. ;
+----------------+--------+----------+-------------------------------------------------------------------------------------+


+------------------------------------------------------------------------------------------------------------------------+
; Port Connectivity Checks: "game_core:twoplayers|Sprite_renderer:render1"                                               ;
+--------------+--------+----------+-------------------------------------------------------------------------------------+
; Port         ; Type   ; Severity ; Details                                                                             ;
+--------------+--------+----------+-------------------------------------------------------------------------------------+
; sprite_color ; Output ; Info     ; Connected to dangling logic. Logic that only feeds a dangling port will be removed. ;
+--------------+--------+----------+-------------------------------------------------------------------------------------+


+---------------------------------------------------------------------------------------------------------------------+
; Port Connectivity Checks: "game_core:twoplayers|Sprite_FSM:fsm_p2"                                                  ;
+-----------+--------+----------+-------------------------------------------------------------------------------------+
; Port      ; Type   ; Severity ; Details                                                                             ;
+-----------+--------+----------+-------------------------------------------------------------------------------------+
; move_flag ; Output ; Info     ; Connected to dangling logic. Logic that only feeds a dangling port will be removed. ;
+-----------+--------+----------+-------------------------------------------------------------------------------------+


+---------------------------------------------------------------------------------------------------------------------+
; Port Connectivity Checks: "game_core:twoplayers|Sprite_FSM:fsm_p1"                                                  ;
+-----------+--------+----------+-------------------------------------------------------------------------------------+
; Port      ; Type   ; Severity ; Details                                                                             ;
+-----------+--------+----------+-------------------------------------------------------------------------------------+
; move_flag ; Output ; Info     ; Connected to dangling logic. Logic that only feeds a dangling port will be removed. ;
+-----------+--------+----------+-------------------------------------------------------------------------------------+


+--------------------------------------------------------------------------+
; Port Connectivity Checks: "game_core:twoplayers|Clock_Divider:clock_fsm" ;
+-------+-------+----------+-----------------------------------------------+
; Port  ; Type  ; Severity ; Details                                       ;
+-------+-------+----------+-----------------------------------------------+
; reset ; Input ; Info     ; Stuck at GND                                  ;
+-------+-------+----------+-----------------------------------------------+


+--------------------------------------------------------------------------+
; Port Connectivity Checks: "game_core:twoplayers|Clock_Divider:clock_vga" ;
+------------+-------+----------+------------------------------------------+
; Port       ; Type  ; Severity ; Details                                  ;
+------------+-------+----------+------------------------------------------+
; clk_bypass ; Input ; Info     ; Stuck at GND                             ;
; button     ; Input ; Info     ; Stuck at GND                             ;
; reset      ; Input ; Info     ; Stuck at GND                             ;
+------------+-------+----------+------------------------------------------+


+---------------------------------------------------------------------------------------------------------------------+
; Port Connectivity Checks: "keypad_1x3:keypad_inst"                                                                  ;
+-----------+--------+----------+-------------------------------------------------------------------------------------+
; Port      ; Type   ; Severity ; Details                                                                             ;
+-----------+--------+----------+-------------------------------------------------------------------------------------+
; rst_n     ; Input  ; Info     ; Stuck at VCC                                                                        ;
; key_valid ; Output ; Info     ; Connected to dangling logic. Logic that only feeds a dangling port will be removed. ;
+-----------+--------+----------+-------------------------------------------------------------------------------------+


+-----------------------------------------------------+
; Post-Synthesis Netlist Statistics for Top Partition ;
+-----------------------+-----------------------------+
; Type                  ; Count                       ;
+-----------------------+-----------------------------+
; arriav_ff             ; 194                         ;
;     ENA               ; 18                          ;
;     ENA SCLR          ; 10                          ;
;     SCLR              ; 118                         ;
;     SCLR SLD          ; 2                           ;
;     plain             ; 46                          ;
; arriav_io_obuf        ; 36                          ;
; arriav_lcell_comb     ; 1433                        ;
;     arith             ; 398                         ;
;         0 data inputs ; 15                          ;
;         1 data inputs ; 271                         ;
;         2 data inputs ; 33                          ;
;         3 data inputs ; 40                          ;
;         4 data inputs ; 37                          ;
;         5 data inputs ; 2                           ;
;     extend            ; 12                          ;
;         7 data inputs ; 12                          ;
;     normal            ; 1023                        ;
;         0 data inputs ; 1                           ;
;         1 data inputs ; 7                           ;
;         2 data inputs ; 79                          ;
;         3 data inputs ; 117                         ;
;         4 data inputs ; 105                         ;
;         5 data inputs ; 212                         ;
;         6 data inputs ; 502                         ;
; boundary_port         ; 135                         ;
;                       ;                             ;
; Max LUT depth         ; 8.90                        ;
; Average LUT depth     ; 6.02                        ;
+-----------------------+-----------------------------+


+-------------------------------+
; Elapsed Time Per Partition    ;
+----------------+--------------+
; Partition Name ; Elapsed Time ;
+----------------+--------------+
; Top            ; 00:00:05     ;
+----------------+--------------+


+-------------------------------+
; Analysis & Synthesis Messages ;
+-------------------------------+
Info: *******************************************************************
Info: Running Quartus Prime Analysis & Synthesis
    Info: Version 23.1std.1 Build 993 05/14/2024 SC Lite Edition
    Info: Processing started: Fri Jun 20 16:17:02 2025
Info: Command: quartus_map --read_settings_files=on --write_settings_files=off FPGA_Footsies_V4 -c FPGA_Footsies_V4
Warning (18236): Number of processors has not been specified which may cause overloading on shared machines.  Set the global assignment NUM_PARALLEL_PROCESSORS in your QSF to an appropriate value for best performance.
Info (20030): Parallel compilation is enabled and will use 16 of the 16 processors detected
Info (12021): Found 1 design units, including 1 entities, in source file collision_logic.v
    Info (12023): Found entity 1: Collision_logic File: C:/Users/ernka/Desktop/FPGA_Footsies_V4/Collision_logic.v Line: 1
Warning (10275): Verilog HDL Module Instantiation warning at game_core.v(298): ignored dangling comma in List of Port Connections File: C:/Users/ernka/Desktop/FPGA_Footsies_V4/game_core.v Line: 298
Info (12021): Found 1 design units, including 1 entities, in source file game_core.v
    Info (12023): Found entity 1: game_core File: C:/Users/ernka/Desktop/FPGA_Footsies_V4/game_core.v Line: 1
Info (12021): Found 1 design units, including 1 entities, in source file fpga_footsies_v4.v
    Info (12023): Found entity 1: FPGA_Footsies_V4 File: C:/Users/ernka/Desktop/FPGA_Footsies_V4/FPGA_Footsies_V4.v Line: 6
Info (12021): Found 1 design units, including 1 entities, in source file health_block.v
    Info (12023): Found entity 1: Health_Block File: C:/Users/ernka/Desktop/FPGA_Footsies_V4/Health_Block.v Line: 1
Info (12021): Found 1 design units, including 1 entities, in source file sprite_boxes.v
    Info (12023): Found entity 1: Sprite_boxes File: C:/Users/ernka/Desktop/FPGA_Footsies_V4/Sprite_boxes.v Line: 1
Info (12021): Found 1 design units, including 1 entities, in source file sprite_fsm.v
    Info (12023): Found entity 1: Sprite_FSM File: C:/Users/ernka/Desktop/FPGA_Footsies_V4/Sprite_FSM.v Line: 2
Info (12021): Found 1 design units, including 1 entities, in source file sprite_renderer.v
    Info (12023): Found entity 1: Sprite_renderer File: C:/Users/ernka/Desktop/FPGA_Footsies_V4/Sprite_renderer.v Line: 2
Info (12021): Found 1 design units, including 1 entities, in source file clock_divider.v
    Info (12023): Found entity 1: Clock_Divider File: C:/Users/ernka/Desktop/FPGA_Footsies_V4/Clock_Divider.v Line: 1
Info (12021): Found 1 design units, including 1 entities, in source file counter.v
    Info (12023): Found entity 1: Counter File: C:/Users/ernka/Desktop/FPGA_Footsies_V4/Counter.v Line: 1
Info (12021): Found 1 design units, including 1 entities, in source file background_renderer.v
    Info (12023): Found entity 1: Background_Renderer File: C:/Users/ernka/Desktop/FPGA_Footsies_V4/Background_renderer.v Line: 1
Info (12021): Found 1 design units, including 1 entities, in source file vga_driver.v
    Info (12023): Found entity 1: vga_driver File: C:/Users/ernka/Desktop/FPGA_Footsies_V4/vga_driver.v Line: 1
Info (12021): Found 1 design units, including 1 entities, in source file keypad_1x3.v
    Info (12023): Found entity 1: keypad_1x3 File: C:/Users/ernka/Desktop/FPGA_Footsies_V4/keypad_1x3.v Line: 1
Info (12127): Elaborating entity "FPGA_Footsies_V4" for the top level hierarchy
Warning (10034): Output port "HEX0" at FPGA_Footsies_V4.v(15) has no driver File: C:/Users/ernka/Desktop/FPGA_Footsies_V4/FPGA_Footsies_V4.v Line: 15
Warning (10034): Output port "HEX1" at FPGA_Footsies_V4.v(16) has no driver File: C:/Users/ernka/Desktop/FPGA_Footsies_V4/FPGA_Footsies_V4.v Line: 16
Warning (10034): Output port "HEX2" at FPGA_Footsies_V4.v(17) has no driver File: C:/Users/ernka/Desktop/FPGA_Footsies_V4/FPGA_Footsies_V4.v Line: 17
Warning (10034): Output port "HEX3" at FPGA_Footsies_V4.v(18) has no driver File: C:/Users/ernka/Desktop/FPGA_Footsies_V4/FPGA_Footsies_V4.v Line: 18
Warning (10034): Output port "HEX4" at FPGA_Footsies_V4.v(19) has no driver File: C:/Users/ernka/Desktop/FPGA_Footsies_V4/FPGA_Footsies_V4.v Line: 19
Warning (10034): Output port "HEX5" at FPGA_Footsies_V4.v(20) has no driver File: C:/Users/ernka/Desktop/FPGA_Footsies_V4/FPGA_Footsies_V4.v Line: 20
Warning (10034): Output port "LEDR[6..3]" at FPGA_Footsies_V4.v(26) has no driver File: C:/Users/ernka/Desktop/FPGA_Footsies_V4/FPGA_Footsies_V4.v Line: 26
Info (12128): Elaborating entity "Clock_Divider" for hierarchy "Clock_Divider:clk_div_inst" File: C:/Users/ernka/Desktop/FPGA_Footsies_V4/FPGA_Footsies_V4.v Line: 73
Info (12128): Elaborating entity "Counter" for hierarchy "Clock_Divider:clk_div_inst|Counter:count_inst" File: C:/Users/ernka/Desktop/FPGA_Footsies_V4/Clock_Divider.v Line: 18
Info (12128): Elaborating entity "keypad_1x3" for hierarchy "keypad_1x3:keypad_inst" File: C:/Users/ernka/Desktop/FPGA_Footsies_V4/FPGA_Footsies_V4.v Line: 84
Info (12128): Elaborating entity "game_core" for hierarchy "game_core:twoplayers" File: C:/Users/ernka/Desktop/FPGA_Footsies_V4/FPGA_Footsies_V4.v Line: 108
Info (12128): Elaborating entity "Clock_Divider" for hierarchy "game_core:twoplayers|Clock_Divider:clock_vga" File: C:/Users/ernka/Desktop/FPGA_Footsies_V4/game_core.v Line: 50
Info (12128): Elaborating entity "Clock_Divider" for hierarchy "game_core:twoplayers|Clock_Divider:clock_fsm" File: C:/Users/ernka/Desktop/FPGA_Footsies_V4/game_core.v Line: 59
Info (12128): Elaborating entity "Sprite_FSM" for hierarchy "game_core:twoplayers|Sprite_FSM:fsm_p1" File: C:/Users/ernka/Desktop/FPGA_Footsies_V4/game_core.v Line: 249
Warning (10230): Verilog HDL assignment warning at Sprite_FSM.v(104): truncated value with size 32 to match size of target (6) File: C:/Users/ernka/Desktop/FPGA_Footsies_V4/Sprite_FSM.v Line: 104
Warning (10230): Verilog HDL assignment warning at Sprite_FSM.v(112): truncated value with size 32 to match size of target (6) File: C:/Users/ernka/Desktop/FPGA_Footsies_V4/Sprite_FSM.v Line: 112
Warning (10230): Verilog HDL assignment warning at Sprite_FSM.v(120): truncated value with size 32 to match size of target (6) File: C:/Users/ernka/Desktop/FPGA_Footsies_V4/Sprite_FSM.v Line: 120
Warning (10230): Verilog HDL assignment warning at Sprite_FSM.v(128): truncated value with size 32 to match size of target (6) File: C:/Users/ernka/Desktop/FPGA_Footsies_V4/Sprite_FSM.v Line: 128
Warning (10230): Verilog HDL assignment warning at Sprite_FSM.v(136): truncated value with size 32 to match size of target (6) File: C:/Users/ernka/Desktop/FPGA_Footsies_V4/Sprite_FSM.v Line: 136
Warning (10230): Verilog HDL assignment warning at Sprite_FSM.v(144): truncated value with size 32 to match size of target (6) File: C:/Users/ernka/Desktop/FPGA_Footsies_V4/Sprite_FSM.v Line: 144
Warning (10230): Verilog HDL assignment warning at Sprite_FSM.v(153): truncated value with size 32 to match size of target (6) File: C:/Users/ernka/Desktop/FPGA_Footsies_V4/Sprite_FSM.v Line: 153
Warning (10230): Verilog HDL assignment warning at Sprite_FSM.v(162): truncated value with size 32 to match size of target (6) File: C:/Users/ernka/Desktop/FPGA_Footsies_V4/Sprite_FSM.v Line: 162
Info (12128): Elaborating entity "Sprite_renderer" for hierarchy "game_core:twoplayers|Sprite_renderer:render1" File: C:/Users/ernka/Desktop/FPGA_Footsies_V4/game_core.v Line: 276
Warning (10230): Verilog HDL assignment warning at Sprite_renderer.v(34): truncated value with size 32 to match size of target (10) File: C:/Users/ernka/Desktop/FPGA_Footsies_V4/Sprite_renderer.v Line: 34
Warning (10230): Verilog HDL assignment warning at Sprite_renderer.v(50): truncated value with size 32 to match size of target (10) File: C:/Users/ernka/Desktop/FPGA_Footsies_V4/Sprite_renderer.v Line: 50
Warning (10230): Verilog HDL assignment warning at Sprite_renderer.v(65): truncated value with size 32 to match size of target (10) File: C:/Users/ernka/Desktop/FPGA_Footsies_V4/Sprite_renderer.v Line: 65
Info (10264): Verilog HDL Case Statement information at Sprite_renderer.v(40): all case item expressions in this case statement are onehot File: C:/Users/ernka/Desktop/FPGA_Footsies_V4/Sprite_renderer.v Line: 40
Info (12128): Elaborating entity "Sprite_renderer" for hierarchy "game_core:twoplayers|Sprite_renderer:render2" File: C:/Users/ernka/Desktop/FPGA_Footsies_V4/game_core.v Line: 288
Warning (10230): Verilog HDL assignment warning at Sprite_renderer.v(34): truncated value with size 32 to match size of target (10) File: C:/Users/ernka/Desktop/FPGA_Footsies_V4/Sprite_renderer.v Line: 34
Warning (10230): Verilog HDL assignment warning at Sprite_renderer.v(44): truncated value with size 32 to match size of target (10) File: C:/Users/ernka/Desktop/FPGA_Footsies_V4/Sprite_renderer.v Line: 44
Warning (10230): Verilog HDL assignment warning at Sprite_renderer.v(60): truncated value with size 32 to match size of target (10) File: C:/Users/ernka/Desktop/FPGA_Footsies_V4/Sprite_renderer.v Line: 60
Info (10264): Verilog HDL Case Statement information at Sprite_renderer.v(40): all case item expressions in this case statement are onehot File: C:/Users/ernka/Desktop/FPGA_Footsies_V4/Sprite_renderer.v Line: 40
Info (12128): Elaborating entity "Background_Renderer" for hierarchy "game_core:twoplayers|Background_Renderer:background" File: C:/Users/ernka/Desktop/FPGA_Footsies_V4/game_core.v Line: 298
Warning (10230): Verilog HDL assignment warning at Background_renderer.v(38): truncated value with size 32 to match size of target (10) File: C:/Users/ernka/Desktop/FPGA_Footsies_V4/Background_renderer.v Line: 38
Warning (10230): Verilog HDL assignment warning at Background_renderer.v(39): truncated value with size 32 to match size of target (10) File: C:/Users/ernka/Desktop/FPGA_Footsies_V4/Background_renderer.v Line: 39
Warning (10230): Verilog HDL assignment warning at Background_renderer.v(40): truncated value with size 32 to match size of target (10) File: C:/Users/ernka/Desktop/FPGA_Footsies_V4/Background_renderer.v Line: 40
Warning (10230): Verilog HDL assignment warning at Background_renderer.v(41): truncated value with size 32 to match size of target (10) File: C:/Users/ernka/Desktop/FPGA_Footsies_V4/Background_renderer.v Line: 41
Warning (10230): Verilog HDL assignment warning at Background_renderer.v(44): truncated value with size 32 to match size of target (10) File: C:/Users/ernka/Desktop/FPGA_Footsies_V4/Background_renderer.v Line: 44
Warning (10230): Verilog HDL assignment warning at Background_renderer.v(45): truncated value with size 32 to match size of target (10) File: C:/Users/ernka/Desktop/FPGA_Footsies_V4/Background_renderer.v Line: 45
Warning (10230): Verilog HDL assignment warning at Background_renderer.v(46): truncated value with size 32 to match size of target (10) File: C:/Users/ernka/Desktop/FPGA_Footsies_V4/Background_renderer.v Line: 46
Warning (10230): Verilog HDL assignment warning at Background_renderer.v(64): truncated value with size 32 to match size of target (10) File: C:/Users/ernka/Desktop/FPGA_Footsies_V4/Background_renderer.v Line: 64
Warning (10230): Verilog HDL assignment warning at Background_renderer.v(65): truncated value with size 32 to match size of target (10) File: C:/Users/ernka/Desktop/FPGA_Footsies_V4/Background_renderer.v Line: 65
Warning (10230): Verilog HDL assignment warning at Background_renderer.v(66): truncated value with size 32 to match size of target (10) File: C:/Users/ernka/Desktop/FPGA_Footsies_V4/Background_renderer.v Line: 66
Warning (10230): Verilog HDL assignment warning at Background_renderer.v(67): truncated value with size 32 to match size of target (10) File: C:/Users/ernka/Desktop/FPGA_Footsies_V4/Background_renderer.v Line: 67
Warning (10230): Verilog HDL assignment warning at Background_renderer.v(70): truncated value with size 32 to match size of target (10) File: C:/Users/ernka/Desktop/FPGA_Footsies_V4/Background_renderer.v Line: 70
Warning (10230): Verilog HDL assignment warning at Background_renderer.v(71): truncated value with size 32 to match size of target (10) File: C:/Users/ernka/Desktop/FPGA_Footsies_V4/Background_renderer.v Line: 71
Warning (10230): Verilog HDL assignment warning at Background_renderer.v(72): truncated value with size 32 to match size of target (10) File: C:/Users/ernka/Desktop/FPGA_Footsies_V4/Background_renderer.v Line: 72
Warning (10230): Verilog HDL assignment warning at Background_renderer.v(73): truncated value with size 32 to match size of target (10) File: C:/Users/ernka/Desktop/FPGA_Footsies_V4/Background_renderer.v Line: 73
Info (12128): Elaborating entity "Sprite_boxes" for hierarchy "game_core:twoplayers|Sprite_boxes:boxes1" File: C:/Users/ernka/Desktop/FPGA_Footsies_V4/game_core.v Line: 325
Warning (10230): Verilog HDL assignment warning at Sprite_boxes.v(77): truncated value with size 32 to match size of target (10) File: C:/Users/ernka/Desktop/FPGA_Footsies_V4/Sprite_boxes.v Line: 77
Warning (10230): Verilog HDL assignment warning at Sprite_boxes.v(78): truncated value with size 32 to match size of target (10) File: C:/Users/ernka/Desktop/FPGA_Footsies_V4/Sprite_boxes.v Line: 78
Warning (10230): Verilog HDL assignment warning at Sprite_boxes.v(90): truncated value with size 32 to match size of target (10) File: C:/Users/ernka/Desktop/FPGA_Footsies_V4/Sprite_boxes.v Line: 90
Warning (10230): Verilog HDL assignment warning at Sprite_boxes.v(104): truncated value with size 32 to match size of target (10) File: C:/Users/ernka/Desktop/FPGA_Footsies_V4/Sprite_boxes.v Line: 104
Warning (10230): Verilog HDL assignment warning at Sprite_boxes.v(105): truncated value with size 32 to match size of target (10) File: C:/Users/ernka/Desktop/FPGA_Footsies_V4/Sprite_boxes.v Line: 105
Warning (10230): Verilog HDL assignment warning at Sprite_boxes.v(110): truncated value with size 32 to match size of target (10) File: C:/Users/ernka/Desktop/FPGA_Footsies_V4/Sprite_boxes.v Line: 110
Warning (10230): Verilog HDL assignment warning at Sprite_boxes.v(111): truncated value with size 32 to match size of target (10) File: C:/Users/ernka/Desktop/FPGA_Footsies_V4/Sprite_boxes.v Line: 111
Warning (10230): Verilog HDL assignment warning at Sprite_boxes.v(130): truncated value with size 32 to match size of target (10) File: C:/Users/ernka/Desktop/FPGA_Footsies_V4/Sprite_boxes.v Line: 130
Warning (10230): Verilog HDL assignment warning at Sprite_boxes.v(131): truncated value with size 32 to match size of target (10) File: C:/Users/ernka/Desktop/FPGA_Footsies_V4/Sprite_boxes.v Line: 131
Warning (10230): Verilog HDL assignment warning at Sprite_boxes.v(132): truncated value with size 32 to match size of target (10) File: C:/Users/ernka/Desktop/FPGA_Footsies_V4/Sprite_boxes.v Line: 132
Warning (10230): Verilog HDL assignment warning at Sprite_boxes.v(135): truncated value with size 32 to match size of target (10) File: C:/Users/ernka/Desktop/FPGA_Footsies_V4/Sprite_boxes.v Line: 135
Warning (10230): Verilog HDL assignment warning at Sprite_boxes.v(136): truncated value with size 32 to match size of target (10) File: C:/Users/ernka/Desktop/FPGA_Footsies_V4/Sprite_boxes.v Line: 136
Warning (10230): Verilog HDL assignment warning at Sprite_boxes.v(149): truncated value with size 32 to match size of target (10) File: C:/Users/ernka/Desktop/FPGA_Footsies_V4/Sprite_boxes.v Line: 149
Warning (10230): Verilog HDL assignment warning at Sprite_boxes.v(150): truncated value with size 32 to match size of target (10) File: C:/Users/ernka/Desktop/FPGA_Footsies_V4/Sprite_boxes.v Line: 150
Warning (10230): Verilog HDL assignment warning at Sprite_boxes.v(155): truncated value with size 32 to match size of target (10) File: C:/Users/ernka/Desktop/FPGA_Footsies_V4/Sprite_boxes.v Line: 155
Warning (10230): Verilog HDL assignment warning at Sprite_boxes.v(156): truncated value with size 32 to match size of target (10) File: C:/Users/ernka/Desktop/FPGA_Footsies_V4/Sprite_boxes.v Line: 156
Warning (10230): Verilog HDL assignment warning at Sprite_boxes.v(175): truncated value with size 32 to match size of target (10) File: C:/Users/ernka/Desktop/FPGA_Footsies_V4/Sprite_boxes.v Line: 175
Warning (10230): Verilog HDL assignment warning at Sprite_boxes.v(176): truncated value with size 32 to match size of target (10) File: C:/Users/ernka/Desktop/FPGA_Footsies_V4/Sprite_boxes.v Line: 176
Warning (10230): Verilog HDL assignment warning at Sprite_boxes.v(177): truncated value with size 32 to match size of target (10) File: C:/Users/ernka/Desktop/FPGA_Footsies_V4/Sprite_boxes.v Line: 177
Warning (10230): Verilog HDL assignment warning at Sprite_boxes.v(180): truncated value with size 32 to match size of target (10) File: C:/Users/ernka/Desktop/FPGA_Footsies_V4/Sprite_boxes.v Line: 180
Warning (10230): Verilog HDL assignment warning at Sprite_boxes.v(181): truncated value with size 32 to match size of target (10) File: C:/Users/ernka/Desktop/FPGA_Footsies_V4/Sprite_boxes.v Line: 181
Warning (10240): Verilog HDL Always Construct warning at Sprite_boxes.v(55): inferring latch(es) for variable "temp_hitbox_x1", which holds its previous value in one or more paths through the always construct File: C:/Users/ernka/Desktop/FPGA_Footsies_V4/Sprite_boxes.v Line: 55
Warning (10240): Verilog HDL Always Construct warning at Sprite_boxes.v(55): inferring latch(es) for variable "temp_hitbox_x2", which holds its previous value in one or more paths through the always construct File: C:/Users/ernka/Desktop/FPGA_Footsies_V4/Sprite_boxes.v Line: 55
Info (12128): Elaborating entity "Sprite_boxes" for hierarchy "game_core:twoplayers|Sprite_boxes:boxes2" File: C:/Users/ernka/Desktop/FPGA_Footsies_V4/game_core.v Line: 351
Warning (10230): Verilog HDL assignment warning at Sprite_boxes.v(77): truncated value with size 32 to match size of target (10) File: C:/Users/ernka/Desktop/FPGA_Footsies_V4/Sprite_boxes.v Line: 77
Warning (10230): Verilog HDL assignment warning at Sprite_boxes.v(78): truncated value with size 32 to match size of target (10) File: C:/Users/ernka/Desktop/FPGA_Footsies_V4/Sprite_boxes.v Line: 78
Warning (10230): Verilog HDL assignment warning at Sprite_boxes.v(90): truncated value with size 32 to match size of target (10) File: C:/Users/ernka/Desktop/FPGA_Footsies_V4/Sprite_boxes.v Line: 90
Warning (10230): Verilog HDL assignment warning at Sprite_boxes.v(101): truncated value with size 32 to match size of target (10) File: C:/Users/ernka/Desktop/FPGA_Footsies_V4/Sprite_boxes.v Line: 101
Warning (10230): Verilog HDL assignment warning at Sprite_boxes.v(110): truncated value with size 32 to match size of target (10) File: C:/Users/ernka/Desktop/FPGA_Footsies_V4/Sprite_boxes.v Line: 110
Warning (10230): Verilog HDL assignment warning at Sprite_boxes.v(111): truncated value with size 32 to match size of target (10) File: C:/Users/ernka/Desktop/FPGA_Footsies_V4/Sprite_boxes.v Line: 111
Warning (10230): Verilog HDL assignment warning at Sprite_boxes.v(124): truncated value with size 32 to match size of target (10) File: C:/Users/ernka/Desktop/FPGA_Footsies_V4/Sprite_boxes.v Line: 124
Warning (10230): Verilog HDL assignment warning at Sprite_boxes.v(126): truncated value with size 32 to match size of target (10) File: C:/Users/ernka/Desktop/FPGA_Footsies_V4/Sprite_boxes.v Line: 126
Warning (10230): Verilog HDL assignment warning at Sprite_boxes.v(135): truncated value with size 32 to match size of target (10) File: C:/Users/ernka/Desktop/FPGA_Footsies_V4/Sprite_boxes.v Line: 135
Warning (10230): Verilog HDL assignment warning at Sprite_boxes.v(136): truncated value with size 32 to match size of target (10) File: C:/Users/ernka/Desktop/FPGA_Footsies_V4/Sprite_boxes.v Line: 136
Warning (10230): Verilog HDL assignment warning at Sprite_boxes.v(146): truncated value with size 32 to match size of target (10) File: C:/Users/ernka/Desktop/FPGA_Footsies_V4/Sprite_boxes.v Line: 146
Warning (10230): Verilog HDL assignment warning at Sprite_boxes.v(155): truncated value with size 32 to match size of target (10) File: C:/Users/ernka/Desktop/FPGA_Footsies_V4/Sprite_boxes.v Line: 155
Warning (10230): Verilog HDL assignment warning at Sprite_boxes.v(156): truncated value with size 32 to match size of target (10) File: C:/Users/ernka/Desktop/FPGA_Footsies_V4/Sprite_boxes.v Line: 156
Warning (10230): Verilog HDL assignment warning at Sprite_boxes.v(169): truncated value with size 32 to match size of target (10) File: C:/Users/ernka/Desktop/FPGA_Footsies_V4/Sprite_boxes.v Line: 169
Warning (10230): Verilog HDL assignment warning at Sprite_boxes.v(171): truncated value with size 32 to match size of target (10) File: C:/Users/ernka/Desktop/FPGA_Footsies_V4/Sprite_boxes.v Line: 171
Warning (10230): Verilog HDL assignment warning at Sprite_boxes.v(180): truncated value with size 32 to match size of target (10) File: C:/Users/ernka/Desktop/FPGA_Footsies_V4/Sprite_boxes.v Line: 180
Warning (10230): Verilog HDL assignment warning at Sprite_boxes.v(181): truncated value with size 32 to match size of target (10) File: C:/Users/ernka/Desktop/FPGA_Footsies_V4/Sprite_boxes.v Line: 181
Warning (10240): Verilog HDL Always Construct warning at Sprite_boxes.v(55): inferring latch(es) for variable "temp_hitbox_x1", which holds its previous value in one or more paths through the always construct File: C:/Users/ernka/Desktop/FPGA_Footsies_V4/Sprite_boxes.v Line: 55
Warning (10240): Verilog HDL Always Construct warning at Sprite_boxes.v(55): inferring latch(es) for variable "temp_hitbox_x2", which holds its previous value in one or more paths through the always construct File: C:/Users/ernka/Desktop/FPGA_Footsies_V4/Sprite_boxes.v Line: 55
Info (12128): Elaborating entity "Collision_logic" for hierarchy "game_core:twoplayers|Collision_logic:col_p1_hits_p2" File: C:/Users/ernka/Desktop/FPGA_Footsies_V4/game_core.v Line: 378
Info (12128): Elaborating entity "Health_Block" for hierarchy "game_core:twoplayers|Health_Block:health_block_p1" File: C:/Users/ernka/Desktop/FPGA_Footsies_V4/game_core.v Line: 414
Warning (10230): Verilog HDL assignment warning at Health_Block.v(40): truncated value with size 32 to match size of target (2) File: C:/Users/ernka/Desktop/FPGA_Footsies_V4/Health_Block.v Line: 40
Warning (10230): Verilog HDL assignment warning at Health_Block.v(48): truncated value with size 32 to match size of target (2) File: C:/Users/ernka/Desktop/FPGA_Footsies_V4/Health_Block.v Line: 48
Info (12128): Elaborating entity "vga_driver" for hierarchy "game_core:twoplayers|vga_driver:vga" File: C:/Users/ernka/Desktop/FPGA_Footsies_V4/game_core.v Line: 439
Warning (12011): Net is missing source, defaulting to GND
    Warning (12110): Net "game_core:twoplayers|health_p1[2]" is missing source, defaulting to GND File: C:/Users/ernka/Desktop/FPGA_Footsies_V4/game_core.v Line: 34
    Warning (12110): Net "game_core:twoplayers|health_p2[2]" is missing source, defaulting to GND File: C:/Users/ernka/Desktop/FPGA_Footsies_V4/game_core.v Line: 36
    Warning (12110): Net "game_core:twoplayers|block_count_p1[2]" is missing source, defaulting to GND File: C:/Users/ernka/Desktop/FPGA_Footsies_V4/game_core.v Line: 79
    Warning (12110): Net "game_core:twoplayers|block_count_p2[2]" is missing source, defaulting to GND File: C:/Users/ernka/Desktop/FPGA_Footsies_V4/game_core.v Line: 116
Warning (12241): 2 hierarchies have connectivity warnings - see the Connectivity Checks report folder
Warning (13039): The following bidirectional pins have no drivers
    Warning (13040): bidirectional pin "GPIO[18]" has no driver File: C:/Users/ernka/Desktop/FPGA_Footsies_V4/FPGA_Footsies_V4.v Line: 43
    Warning (13040): bidirectional pin "GPIO[20]" has no driver File: C:/Users/ernka/Desktop/FPGA_Footsies_V4/FPGA_Footsies_V4.v Line: 43
    Warning (13040): bidirectional pin "GPIO[22]" has no driver File: C:/Users/ernka/Desktop/FPGA_Footsies_V4/FPGA_Footsies_V4.v Line: 43
    Warning (13040): bidirectional pin "GPIO[0]" has no driver File: C:/Users/ernka/Desktop/FPGA_Footsies_V4/FPGA_Footsies_V4.v Line: 43
    Warning (13040): bidirectional pin "GPIO[1]" has no driver File: C:/Users/ernka/Desktop/FPGA_Footsies_V4/FPGA_Footsies_V4.v Line: 43
    Warning (13040): bidirectional pin "GPIO[2]" has no driver File: C:/Users/ernka/Desktop/FPGA_Footsies_V4/FPGA_Footsies_V4.v Line: 43
    Warning (13040): bidirectional pin "GPIO[3]" has no driver File: C:/Users/ernka/Desktop/FPGA_Footsies_V4/FPGA_Footsies_V4.v Line: 43
    Warning (13040): bidirectional pin "GPIO[4]" has no driver File: C:/Users/ernka/Desktop/FPGA_Footsies_V4/FPGA_Footsies_V4.v Line: 43
    Warning (13040): bidirectional pin "GPIO[5]" has no driver File: C:/Users/ernka/Desktop/FPGA_Footsies_V4/FPGA_Footsies_V4.v Line: 43
    Warning (13040): bidirectional pin "GPIO[6]" has no driver File: C:/Users/ernka/Desktop/FPGA_Footsies_V4/FPGA_Footsies_V4.v Line: 43
    Warning (13040): bidirectional pin "GPIO[7]" has no driver File: C:/Users/ernka/Desktop/FPGA_Footsies_V4/FPGA_Footsies_V4.v Line: 43
    Warning (13040): bidirectional pin "GPIO[8]" has no driver File: C:/Users/ernka/Desktop/FPGA_Footsies_V4/FPGA_Footsies_V4.v Line: 43
    Warning (13040): bidirectional pin "GPIO[9]" has no driver File: C:/Users/ernka/Desktop/FPGA_Footsies_V4/FPGA_Footsies_V4.v Line: 43
    Warning (13040): bidirectional pin "GPIO[11]" has no driver File: C:/Users/ernka/Desktop/FPGA_Footsies_V4/FPGA_Footsies_V4.v Line: 43
    Warning (13040): bidirectional pin "GPIO[12]" has no driver File: C:/Users/ernka/Desktop/FPGA_Footsies_V4/FPGA_Footsies_V4.v Line: 43
    Warning (13040): bidirectional pin "GPIO[13]" has no driver File: C:/Users/ernka/Desktop/FPGA_Footsies_V4/FPGA_Footsies_V4.v Line: 43
    Warning (13040): bidirectional pin "GPIO[14]" has no driver File: C:/Users/ernka/Desktop/FPGA_Footsies_V4/FPGA_Footsies_V4.v Line: 43
    Warning (13040): bidirectional pin "GPIO[15]" has no driver File: C:/Users/ernka/Desktop/FPGA_Footsies_V4/FPGA_Footsies_V4.v Line: 43
    Warning (13040): bidirectional pin "GPIO[16]" has no driver File: C:/Users/ernka/Desktop/FPGA_Footsies_V4/FPGA_Footsies_V4.v Line: 43
    Warning (13040): bidirectional pin "GPIO[17]" has no driver File: C:/Users/ernka/Desktop/FPGA_Footsies_V4/FPGA_Footsies_V4.v Line: 43
    Warning (13040): bidirectional pin "GPIO[19]" has no driver File: C:/Users/ernka/Desktop/FPGA_Footsies_V4/FPGA_Footsies_V4.v Line: 43
    Warning (13040): bidirectional pin "GPIO[21]" has no driver File: C:/Users/ernka/Desktop/FPGA_Footsies_V4/FPGA_Footsies_V4.v Line: 43
    Warning (13040): bidirectional pin "GPIO[23]" has no driver File: C:/Users/ernka/Desktop/FPGA_Footsies_V4/FPGA_Footsies_V4.v Line: 43
    Warning (13040): bidirectional pin "GPIO[24]" has no driver File: C:/Users/ernka/Desktop/FPGA_Footsies_V4/FPGA_Footsies_V4.v Line: 43
    Warning (13040): bidirectional pin "GPIO[25]" has no driver File: C:/Users/ernka/Desktop/FPGA_Footsies_V4/FPGA_Footsies_V4.v Line: 43
    Warning (13040): bidirectional pin "GPIO[26]" has no driver File: C:/Users/ernka/Desktop/FPGA_Footsies_V4/FPGA_Footsies_V4.v Line: 43
    Warning (13040): bidirectional pin "GPIO[27]" has no driver File: C:/Users/ernka/Desktop/FPGA_Footsies_V4/FPGA_Footsies_V4.v Line: 43
    Warning (13040): bidirectional pin "GPIO[28]" has no driver File: C:/Users/ernka/Desktop/FPGA_Footsies_V4/FPGA_Footsies_V4.v Line: 43
    Warning (13040): bidirectional pin "GPIO[29]" has no driver File: C:/Users/ernka/Desktop/FPGA_Footsies_V4/FPGA_Footsies_V4.v Line: 43
    Warning (13040): bidirectional pin "GPIO[30]" has no driver File: C:/Users/ernka/Desktop/FPGA_Footsies_V4/FPGA_Footsies_V4.v Line: 43
    Warning (13040): bidirectional pin "GPIO[31]" has no driver File: C:/Users/ernka/Desktop/FPGA_Footsies_V4/FPGA_Footsies_V4.v Line: 43
    Warning (13040): bidirectional pin "GPIO[32]" has no driver File: C:/Users/ernka/Desktop/FPGA_Footsies_V4/FPGA_Footsies_V4.v Line: 43
    Warning (13040): bidirectional pin "GPIO[33]" has no driver File: C:/Users/ernka/Desktop/FPGA_Footsies_V4/FPGA_Footsies_V4.v Line: 43
    Warning (13040): bidirectional pin "GPIO[34]" has no driver File: C:/Users/ernka/Desktop/FPGA_Footsies_V4/FPGA_Footsies_V4.v Line: 43
    Warning (13040): bidirectional pin "GPIO[35]" has no driver File: C:/Users/ernka/Desktop/FPGA_Footsies_V4/FPGA_Footsies_V4.v Line: 43
Warning (13032): The following tri-state nodes are fed by constants
    Warning (13033): The pin "GPIO[10]" is fed by GND File: C:/Users/ernka/Desktop/FPGA_Footsies_V4/FPGA_Footsies_V4.v Line: 43
Warning (13024): Output pins are stuck at VCC or GND
    Warning (13410): Pin "HEX0[0]" is stuck at GND File: C:/Users/ernka/Desktop/FPGA_Footsies_V4/FPGA_Footsies_V4.v Line: 15
    Warning (13410): Pin "HEX0[1]" is stuck at GND File: C:/Users/ernka/Desktop/FPGA_Footsies_V4/FPGA_Footsies_V4.v Line: 15
    Warning (13410): Pin "HEX0[2]" is stuck at GND File: C:/Users/ernka/Desktop/FPGA_Footsies_V4/FPGA_Footsies_V4.v Line: 15
    Warning (13410): Pin "HEX0[3]" is stuck at GND File: C:/Users/ernka/Desktop/FPGA_Footsies_V4/FPGA_Footsies_V4.v Line: 15
    Warning (13410): Pin "HEX0[4]" is stuck at GND File: C:/Users/ernka/Desktop/FPGA_Footsies_V4/FPGA_Footsies_V4.v Line: 15
    Warning (13410): Pin "HEX0[5]" is stuck at GND File: C:/Users/ernka/Desktop/FPGA_Footsies_V4/FPGA_Footsies_V4.v Line: 15
    Warning (13410): Pin "HEX0[6]" is stuck at GND File: C:/Users/ernka/Desktop/FPGA_Footsies_V4/FPGA_Footsies_V4.v Line: 15
    Warning (13410): Pin "HEX1[0]" is stuck at GND File: C:/Users/ernka/Desktop/FPGA_Footsies_V4/FPGA_Footsies_V4.v Line: 16
    Warning (13410): Pin "HEX1[1]" is stuck at GND File: C:/Users/ernka/Desktop/FPGA_Footsies_V4/FPGA_Footsies_V4.v Line: 16
    Warning (13410): Pin "HEX1[2]" is stuck at GND File: C:/Users/ernka/Desktop/FPGA_Footsies_V4/FPGA_Footsies_V4.v Line: 16
    Warning (13410): Pin "HEX1[3]" is stuck at GND File: C:/Users/ernka/Desktop/FPGA_Footsies_V4/FPGA_Footsies_V4.v Line: 16
    Warning (13410): Pin "HEX1[4]" is stuck at GND File: C:/Users/ernka/Desktop/FPGA_Footsies_V4/FPGA_Footsies_V4.v Line: 16
    Warning (13410): Pin "HEX1[5]" is stuck at GND File: C:/Users/ernka/Desktop/FPGA_Footsies_V4/FPGA_Footsies_V4.v Line: 16
    Warning (13410): Pin "HEX1[6]" is stuck at GND File: C:/Users/ernka/Desktop/FPGA_Footsies_V4/FPGA_Footsies_V4.v Line: 16
    Warning (13410): Pin "HEX2[0]" is stuck at GND File: C:/Users/ernka/Desktop/FPGA_Footsies_V4/FPGA_Footsies_V4.v Line: 17
    Warning (13410): Pin "HEX2[1]" is stuck at GND File: C:/Users/ernka/Desktop/FPGA_Footsies_V4/FPGA_Footsies_V4.v Line: 17
    Warning (13410): Pin "HEX2[2]" is stuck at GND File: C:/Users/ernka/Desktop/FPGA_Footsies_V4/FPGA_Footsies_V4.v Line: 17
    Warning (13410): Pin "HEX2[3]" is stuck at GND File: C:/Users/ernka/Desktop/FPGA_Footsies_V4/FPGA_Footsies_V4.v Line: 17
    Warning (13410): Pin "HEX2[4]" is stuck at GND File: C:/Users/ernka/Desktop/FPGA_Footsies_V4/FPGA_Footsies_V4.v Line: 17
    Warning (13410): Pin "HEX2[5]" is stuck at GND File: C:/Users/ernka/Desktop/FPGA_Footsies_V4/FPGA_Footsies_V4.v Line: 17
    Warning (13410): Pin "HEX2[6]" is stuck at GND File: C:/Users/ernka/Desktop/FPGA_Footsies_V4/FPGA_Footsies_V4.v Line: 17
    Warning (13410): Pin "HEX3[0]" is stuck at GND File: C:/Users/ernka/Desktop/FPGA_Footsies_V4/FPGA_Footsies_V4.v Line: 18
    Warning (13410): Pin "HEX3[1]" is stuck at GND File: C:/Users/ernka/Desktop/FPGA_Footsies_V4/FPGA_Footsies_V4.v Line: 18
    Warning (13410): Pin "HEX3[2]" is stuck at GND File: C:/Users/ernka/Desktop/FPGA_Footsies_V4/FPGA_Footsies_V4.v Line: 18
    Warning (13410): Pin "HEX3[3]" is stuck at GND File: C:/Users/ernka/Desktop/FPGA_Footsies_V4/FPGA_Footsies_V4.v Line: 18
    Warning (13410): Pin "HEX3[4]" is stuck at GND File: C:/Users/ernka/Desktop/FPGA_Footsies_V4/FPGA_Footsies_V4.v Line: 18
    Warning (13410): Pin "HEX3[5]" is stuck at GND File: C:/Users/ernka/Desktop/FPGA_Footsies_V4/FPGA_Footsies_V4.v Line: 18
    Warning (13410): Pin "HEX3[6]" is stuck at GND File: C:/Users/ernka/Desktop/FPGA_Footsies_V4/FPGA_Footsies_V4.v Line: 18
    Warning (13410): Pin "HEX4[0]" is stuck at GND File: C:/Users/ernka/Desktop/FPGA_Footsies_V4/FPGA_Footsies_V4.v Line: 19
    Warning (13410): Pin "HEX4[1]" is stuck at GND File: C:/Users/ernka/Desktop/FPGA_Footsies_V4/FPGA_Footsies_V4.v Line: 19
    Warning (13410): Pin "HEX4[2]" is stuck at GND File: C:/Users/ernka/Desktop/FPGA_Footsies_V4/FPGA_Footsies_V4.v Line: 19
    Warning (13410): Pin "HEX4[3]" is stuck at GND File: C:/Users/ernka/Desktop/FPGA_Footsies_V4/FPGA_Footsies_V4.v Line: 19
    Warning (13410): Pin "HEX4[4]" is stuck at GND File: C:/Users/ernka/Desktop/FPGA_Footsies_V4/FPGA_Footsies_V4.v Line: 19
    Warning (13410): Pin "HEX4[5]" is stuck at GND File: C:/Users/ernka/Desktop/FPGA_Footsies_V4/FPGA_Footsies_V4.v Line: 19
    Warning (13410): Pin "HEX4[6]" is stuck at GND File: C:/Users/ernka/Desktop/FPGA_Footsies_V4/FPGA_Footsies_V4.v Line: 19
    Warning (13410): Pin "HEX5[0]" is stuck at GND File: C:/Users/ernka/Desktop/FPGA_Footsies_V4/FPGA_Footsies_V4.v Line: 20
    Warning (13410): Pin "HEX5[1]" is stuck at GND File: C:/Users/ernka/Desktop/FPGA_Footsies_V4/FPGA_Footsies_V4.v Line: 20
    Warning (13410): Pin "HEX5[2]" is stuck at GND File: C:/Users/ernka/Desktop/FPGA_Footsies_V4/FPGA_Footsies_V4.v Line: 20
    Warning (13410): Pin "HEX5[3]" is stuck at GND File: C:/Users/ernka/Desktop/FPGA_Footsies_V4/FPGA_Footsies_V4.v Line: 20
    Warning (13410): Pin "HEX5[4]" is stuck at GND File: C:/Users/ernka/Desktop/FPGA_Footsies_V4/FPGA_Footsies_V4.v Line: 20
    Warning (13410): Pin "HEX5[5]" is stuck at GND File: C:/Users/ernka/Desktop/FPGA_Footsies_V4/FPGA_Footsies_V4.v Line: 20
    Warning (13410): Pin "HEX5[6]" is stuck at GND File: C:/Users/ernka/Desktop/FPGA_Footsies_V4/FPGA_Footsies_V4.v Line: 20
    Warning (13410): Pin "LEDR[2]" is stuck at GND File: C:/Users/ernka/Desktop/FPGA_Footsies_V4/FPGA_Footsies_V4.v Line: 26
    Warning (13410): Pin "LEDR[3]" is stuck at GND File: C:/Users/ernka/Desktop/FPGA_Footsies_V4/FPGA_Footsies_V4.v Line: 26
    Warning (13410): Pin "LEDR[4]" is stuck at GND File: C:/Users/ernka/Desktop/FPGA_Footsies_V4/FPGA_Footsies_V4.v Line: 26
    Warning (13410): Pin "LEDR[5]" is stuck at GND File: C:/Users/ernka/Desktop/FPGA_Footsies_V4/FPGA_Footsies_V4.v Line: 26
    Warning (13410): Pin "LEDR[6]" is stuck at GND File: C:/Users/ernka/Desktop/FPGA_Footsies_V4/FPGA_Footsies_V4.v Line: 26
    Warning (13410): Pin "LEDR[9]" is stuck at GND File: C:/Users/ernka/Desktop/FPGA_Footsies_V4/FPGA_Footsies_V4.v Line: 26
    Warning (13410): Pin "VGA_B[0]" is stuck at GND File: C:/Users/ernka/Desktop/FPGA_Footsies_V4/FPGA_Footsies_V4.v Line: 33
    Warning (13410): Pin "VGA_B[1]" is stuck at GND File: C:/Users/ernka/Desktop/FPGA_Footsies_V4/FPGA_Footsies_V4.v Line: 33
    Warning (13410): Pin "VGA_B[2]" is stuck at GND File: C:/Users/ernka/Desktop/FPGA_Footsies_V4/FPGA_Footsies_V4.v Line: 33
    Warning (13410): Pin "VGA_B[3]" is stuck at GND File: C:/Users/ernka/Desktop/FPGA_Footsies_V4/FPGA_Footsies_V4.v Line: 33
    Warning (13410): Pin "VGA_B[4]" is stuck at GND File: C:/Users/ernka/Desktop/FPGA_Footsies_V4/FPGA_Footsies_V4.v Line: 33
    Warning (13410): Pin "VGA_B[5]" is stuck at GND File: C:/Users/ernka/Desktop/FPGA_Footsies_V4/FPGA_Footsies_V4.v Line: 33
    Warning (13410): Pin "VGA_B[6]" is stuck at GND File: C:/Users/ernka/Desktop/FPGA_Footsies_V4/FPGA_Footsies_V4.v Line: 33
    Warning (13410): Pin "VGA_B[7]" is stuck at GND File: C:/Users/ernka/Desktop/FPGA_Footsies_V4/FPGA_Footsies_V4.v Line: 33
    Warning (13410): Pin "VGA_G[0]" is stuck at GND File: C:/Users/ernka/Desktop/FPGA_Footsies_V4/FPGA_Footsies_V4.v Line: 35
    Warning (13410): Pin "VGA_G[1]" is stuck at GND File: C:/Users/ernka/Desktop/FPGA_Footsies_V4/FPGA_Footsies_V4.v Line: 35
    Warning (13410): Pin "VGA_G[2]" is stuck at GND File: C:/Users/ernka/Desktop/FPGA_Footsies_V4/FPGA_Footsies_V4.v Line: 35
    Warning (13410): Pin "VGA_G[3]" is stuck at GND File: C:/Users/ernka/Desktop/FPGA_Footsies_V4/FPGA_Footsies_V4.v Line: 35
    Warning (13410): Pin "VGA_G[4]" is stuck at GND File: C:/Users/ernka/Desktop/FPGA_Footsies_V4/FPGA_Footsies_V4.v Line: 35
    Warning (13410): Pin "VGA_R[0]" is stuck at GND File: C:/Users/ernka/Desktop/FPGA_Footsies_V4/FPGA_Footsies_V4.v Line: 37
    Warning (13410): Pin "VGA_R[1]" is stuck at GND File: C:/Users/ernka/Desktop/FPGA_Footsies_V4/FPGA_Footsies_V4.v Line: 37
    Warning (13410): Pin "VGA_R[2]" is stuck at GND File: C:/Users/ernka/Desktop/FPGA_Footsies_V4/FPGA_Footsies_V4.v Line: 37
    Warning (13410): Pin "VGA_R[3]" is stuck at GND File: C:/Users/ernka/Desktop/FPGA_Footsies_V4/FPGA_Footsies_V4.v Line: 37
    Warning (13410): Pin "VGA_R[4]" is stuck at GND File: C:/Users/ernka/Desktop/FPGA_Footsies_V4/FPGA_Footsies_V4.v Line: 37
    Warning (13410): Pin "VGA_SYNC_N" is stuck at GND File: C:/Users/ernka/Desktop/FPGA_Footsies_V4/FPGA_Footsies_V4.v Line: 38
Info (286030): Timing-Driven Synthesis is running
Info (17049): 16 registers lost all their fanouts during netlist optimizations.
Info (16010): Generating hard_block partition "hard_block:auto_generated_inst"
    Info (16011): Adding 0 node(s), including 0 DDIO, 0 PLL, 0 transceiver and 0 LCELL
Warning (21074): Design contains 10 input pin(s) that do not drive logic
    Warning (15610): No output dependent on input pin "CLOCK2_50" File: C:/Users/ernka/Desktop/FPGA_Footsies_V4/FPGA_Footsies_V4.v Line: 9
    Warning (15610): No output dependent on input pin "CLOCK3_50" File: C:/Users/ernka/Desktop/FPGA_Footsies_V4/FPGA_Footsies_V4.v Line: 10
    Warning (15610): No output dependent on input pin "CLOCK4_50" File: C:/Users/ernka/Desktop/FPGA_Footsies_V4/FPGA_Footsies_V4.v Line: 11
    Warning (15610): No output dependent on input pin "SW[2]" File: C:/Users/ernka/Desktop/FPGA_Footsies_V4/FPGA_Footsies_V4.v Line: 29
    Warning (15610): No output dependent on input pin "SW[4]" File: C:/Users/ernka/Desktop/FPGA_Footsies_V4/FPGA_Footsies_V4.v Line: 29
    Warning (15610): No output dependent on input pin "SW[5]" File: C:/Users/ernka/Desktop/FPGA_Footsies_V4/FPGA_Footsies_V4.v Line: 29
    Warning (15610): No output dependent on input pin "SW[6]" File: C:/Users/ernka/Desktop/FPGA_Footsies_V4/FPGA_Footsies_V4.v Line: 29
    Warning (15610): No output dependent on input pin "SW[7]" File: C:/Users/ernka/Desktop/FPGA_Footsies_V4/FPGA_Footsies_V4.v Line: 29
    Warning (15610): No output dependent on input pin "SW[8]" File: C:/Users/ernka/Desktop/FPGA_Footsies_V4/FPGA_Footsies_V4.v Line: 29
    Warning (15610): No output dependent on input pin "SW[9]" File: C:/Users/ernka/Desktop/FPGA_Footsies_V4/FPGA_Footsies_V4.v Line: 29
Info (21057): Implemented 1570 device resources after synthesis - the final resource count might be different
    Info (21058): Implemented 18 input pins
    Info (21059): Implemented 81 output pins
    Info (21060): Implemented 36 bidirectional pins
    Info (21061): Implemented 1435 logic cells
Info: Quartus Prime Analysis & Synthesis was successful. 0 errors, 205 warnings
    Info: Peak virtual memory: 4884 megabytes
    Info: Processing ended: Fri Jun 20 16:17:18 2025
    Info: Elapsed time: 00:00:16
    Info: Total CPU time (on all processors): 00:00:34


