Analysis & Synthesis report for FPGA_Footsies_Final
Tue Jun 24 19:46:37 2025
Quartus Prime Version 23.1std.1 Build 993 05/14/2024 SC Lite Edition


---------------------
; Table of Contents ;
---------------------
  1. Legal Notice
  2. Analysis & Synthesis Summary
  3. Analysis & Synthesis Settings
  4. Parallel Compilation
  5. Analysis & Synthesis Source Files Read
  6. Analysis & Synthesis Resource Usage Summary
  7. Analysis & Synthesis Resource Utilization by Entity
  8. State Machine - |FPGA_Footsies_Final|game_fsm:game|Game_Over_core:game_over_inst|vga_driver:vga_ctrl|v_state
  9. State Machine - |FPGA_Footsies_Final|game_fsm:game|Game_Over_core:game_over_inst|vga_driver:vga_ctrl|h_state
 10. State Machine - |FPGA_Footsies_Final|game_fsm:game|game_core:game_inst|vga_driver:vga|v_state
 11. State Machine - |FPGA_Footsies_Final|game_fsm:game|game_core:game_inst|vga_driver:vga|h_state
 12. State Machine - |FPGA_Footsies_Final|game_fsm:game|Menu_Core:menu_inst|vga_driver:vga_ctrl|v_state
 13. State Machine - |FPGA_Footsies_Final|game_fsm:game|Menu_Core:menu_inst|vga_driver:vga_ctrl|h_state
 14. Registers Removed During Synthesis
 15. Removed Registers Triggering Further Register Optimizations
 16. General Register Statistics
 17. Inverted Register Statistics
 18. Multiplexer Restructuring Statistics (Restructuring Performed)
 19. Parameter Settings for User Entity Instance: Clock_Divider:clk_div_inst
 20. Parameter Settings for User Entity Instance: Clock_Divider:clk_div_inst|Counter:count_inst
 21. Parameter Settings for User Entity Instance: CPU_logic:cpu|Clock_Divider:clock_cpu
 22. Parameter Settings for User Entity Instance: CPU_logic:cpu|Clock_Divider:clock_cpu|Counter:count_inst
 23. Parameter Settings for User Entity Instance: CPU_logic:cpu|LFSR_16bit:my_lfsr
 24. Parameter Settings for User Entity Instance: CPU_logic:cpu|LFSR_16bit:my_lfsr|Shift_Register:shift
 25. Parameter Settings for User Entity Instance: game_fsm:game
 26. Parameter Settings for User Entity Instance: game_fsm:game|Menu_Core:menu_inst|Clock_Divider:clk_div_inst
 27. Parameter Settings for User Entity Instance: game_fsm:game|Menu_Core:menu_inst|Clock_Divider:clk_div_inst|Counter:count_inst
 28. Parameter Settings for User Entity Instance: game_fsm:game|Menu_Core:menu_inst|vga_background:bg_module
 29. Parameter Settings for User Entity Instance: game_fsm:game|Menu_Core:menu_inst|text_display_shadow:text_module_shadow
 30. Parameter Settings for User Entity Instance: game_fsm:game|Menu_Core:menu_inst|text_display_single:text_module_single
 31. Parameter Settings for User Entity Instance: game_fsm:game|Menu_Core:menu_inst|text_display_multi:text_module_multi
 32. Parameter Settings for User Entity Instance: game_fsm:game|Menu_Core:menu_inst|selection_arrow:arrow_module
 33. Parameter Settings for User Entity Instance: game_fsm:game|Menu_Core:menu_inst|text_display_start:text_module_start
 34. Parameter Settings for User Entity Instance: game_fsm:game|Menu_Core:menu_inst|vga_driver:vga_ctrl
 35. Parameter Settings for User Entity Instance: game_fsm:game|game_core:game_inst|Clock_Divider:clock_vga
 36. Parameter Settings for User Entity Instance: game_fsm:game|game_core:game_inst|Clock_Divider:clock_vga|Counter:count_inst
 37. Parameter Settings for User Entity Instance: game_fsm:game|game_core:game_inst|Clock_Divider:clock_fsm
 38. Parameter Settings for User Entity Instance: game_fsm:game|game_core:game_inst|Clock_Divider:clock_fsm|Counter:count_inst
 39. Parameter Settings for User Entity Instance: game_fsm:game|game_core:game_inst|Sprite_renderer:render1
 40. Parameter Settings for User Entity Instance: game_fsm:game|game_core:game_inst|Sprite_renderer:render2
 41. Parameter Settings for User Entity Instance: game_fsm:game|game_core:game_inst|Background_renderer:background
 42. Parameter Settings for User Entity Instance: game_fsm:game|game_core:game_inst|Background_renderer:background|timer_module:timer_inst|counter_controller:counter_ctrl|Clock_Divider:clk_div
 43. Parameter Settings for User Entity Instance: game_fsm:game|game_core:game_inst|Background_renderer:background|timer_module:timer_inst|counter_controller:counter_ctrl|Clock_Divider:clk_div|Counter:count_inst
 44. Parameter Settings for User Entity Instance: game_fsm:game|game_core:game_inst|Background_renderer:background|timer_module:timer_inst|counter_display:counter_disp
 45. Parameter Settings for User Entity Instance: game_fsm:game|game_core:game_inst|Background_renderer:background|timer_module:timer_inst|counter_display:counter_disp|digit_display:tens_display
 46. Parameter Settings for User Entity Instance: game_fsm:game|game_core:game_inst|Background_renderer:background|timer_module:timer_inst|counter_display:counter_disp|digit_display:ones_display
 47. Parameter Settings for User Entity Instance: game_fsm:game|game_core:game_inst|Sprite_boxes:boxes1
 48. Parameter Settings for User Entity Instance: game_fsm:game|game_core:game_inst|Sprite_boxes:boxes2
 49. Parameter Settings for User Entity Instance: game_fsm:game|game_core:game_inst|vga_driver:vga
 50. Parameter Settings for User Entity Instance: game_fsm:game|Game_Over_core:game_over_inst|Clock_Divider:clk_div_inst
 51. Parameter Settings for User Entity Instance: game_fsm:game|Game_Over_core:game_over_inst|Clock_Divider:clk_div_inst|Counter:count_inst
 52. Parameter Settings for User Entity Instance: game_fsm:game|Game_Over_core:game_over_inst|vga_background:bg_module
 53. Parameter Settings for User Entity Instance: game_fsm:game|Game_Over_core:game_over_inst|text_display_game_over:text_module_game_over
 54. Parameter Settings for User Entity Instance: game_fsm:game|Game_Over_core:game_over_inst|text_display_player_wins:text_module_player_wins
 55. Parameter Settings for User Entity Instance: game_fsm:game|Game_Over_core:game_over_inst|vga_driver:vga_ctrl
 56. Parameter Settings for Inferred Entity Instance: game_fsm:game|game_core:game_inst|Background_renderer:background|timer_module:timer_inst|counter_display:counter_disp|lpm_divide:Div0
 57. Parameter Settings for Inferred Entity Instance: game_fsm:game|game_core:game_inst|Background_renderer:background|timer_module:timer_inst|counter_display:counter_disp|lpm_divide:Mod0
 58. Port Connectivity Checks: "game_fsm:game|Game_Over_core:game_over_inst|Clock_Divider:clk_div_inst"
 59. Port Connectivity Checks: "game_fsm:game|Game_Over_core:game_over_inst"
 60. Port Connectivity Checks: "game_fsm:game|game_core:game_inst|vga_driver:vga"
 61. Port Connectivity Checks: "game_fsm:game|game_core:game_inst|Health_Block:health_block_p2"
 62. Port Connectivity Checks: "game_fsm:game|game_core:game_inst|Health_Block:health_block_p1"
 63. Port Connectivity Checks: "game_fsm:game|game_core:game_inst|Background_renderer:background|timer_module:timer_inst|counter_display:counter_disp|digit_display:ones_display"
 64. Port Connectivity Checks: "game_fsm:game|game_core:game_inst|Background_renderer:background|timer_module:timer_inst|counter_display:counter_disp|digit_display:tens_display"
 65. Port Connectivity Checks: "game_fsm:game|game_core:game_inst|Background_renderer:background|timer_module:timer_inst|counter_controller:counter_ctrl|Clock_Divider:clk_div"
 66. Port Connectivity Checks: "game_fsm:game|game_core:game_inst|Background_renderer:background|timer_module:timer_inst"
 67. Port Connectivity Checks: "game_fsm:game|game_core:game_inst|Sprite_renderer:render1"
 68. Port Connectivity Checks: "game_fsm:game|game_core:game_inst|Sprite_FSM:fsm_p2"
 69. Port Connectivity Checks: "game_fsm:game|game_core:game_inst|Sprite_FSM:fsm_p1"
 70. Port Connectivity Checks: "game_fsm:game|game_core:game_inst|Clock_Divider:clock_fsm"
 71. Port Connectivity Checks: "game_fsm:game|game_core:game_inst|Clock_Divider:clock_vga"
 72. Port Connectivity Checks: "game_fsm:game|Menu_Core:menu_inst"
 73. Port Connectivity Checks: "game_fsm:game"
 74. Port Connectivity Checks: "CPU_logic:cpu|LFSR_16bit:my_lfsr|Shift_Register:shift"
 75. Port Connectivity Checks: "CPU_logic:cpu|Clock_Divider:clock_cpu"
 76. Port Connectivity Checks: "CPU_logic:cpu"
 77. Port Connectivity Checks: "keypad_1x3:keypad_inst"
 78. Post-Synthesis Netlist Statistics for Top Partition
 79. Elapsed Time Per Partition
 80. Analysis & Synthesis Messages



----------------
; Legal Notice ;
----------------
Copyright (C) 2024  Intel Corporation. All rights reserved.
Your use of Intel Corporation's design tools, logic functions 
and other software and tools, and any partner logic 
functions, and any output files from any of the foregoing 
(including device programming or simulation files), and any 
associated documentation or information are expressly subject 
to the terms and conditions of the Intel Program License 
Subscription Agreement, the Intel Quartus Prime License Agreement,
the Intel FPGA IP License Agreement, or other applicable license
agreement, including, without limitation, that your use is for
the sole purpose of programming logic devices manufactured by
Intel and sold by Intel or its authorized distributors.  Please
refer to the applicable agreement for further details, at
https://fpgasoftware.intel.com/eula.



+----------------------------------------------------------------------------------+
; Analysis & Synthesis Summary                                                     ;
+---------------------------------+------------------------------------------------+
; Analysis & Synthesis Status     ; Successful - Tue Jun 24 19:46:37 2025          ;
; Quartus Prime Version           ; 23.1std.1 Build 993 05/14/2024 SC Lite Edition ;
; Revision Name                   ; FPGA_Footsies_Final                            ;
; Top-level Entity Name           ; FPGA_Footsies_Final                            ;
; Family                          ; Cyclone V                                      ;
; Logic utilization (in ALMs)     ; N/A                                            ;
; Total registers                 ; 411                                            ;
; Total pins                      ; 135                                            ;
; Total virtual pins              ; 0                                              ;
; Total block memory bits         ; 0                                              ;
; Total DSP Blocks                ; 0                                              ;
; Total HSSI RX PCSs              ; 0                                              ;
; Total HSSI PMA RX Deserializers ; 0                                              ;
; Total HSSI TX PCSs              ; 0                                              ;
; Total HSSI PMA TX Serializers   ; 0                                              ;
; Total PLLs                      ; 0                                              ;
; Total DLLs                      ; 0                                              ;
+---------------------------------+------------------------------------------------+


+-----------------------------------------------------------------------------------------------------------------------------+
; Analysis & Synthesis Settings                                                                                               ;
+---------------------------------------------------------------------------------+---------------------+---------------------+
; Option                                                                          ; Setting             ; Default Value       ;
+---------------------------------------------------------------------------------+---------------------+---------------------+
; Device                                                                          ; 5CSEMA5F31C6        ;                     ;
; Top-level entity name                                                           ; FPGA_Footsies_Final ; FPGA_Footsies_Final ;
; Family name                                                                     ; Cyclone V           ; Cyclone V           ;
; Use smart compilation                                                           ; Off                 ; Off                 ;
; Enable parallel Assembler and Timing Analyzer during compilation                ; On                  ; On                  ;
; Enable compact report table                                                     ; Off                 ; Off                 ;
; Restructure Multiplexers                                                        ; Auto                ; Auto                ;
; MLAB Add Timing Constraints For Mixed-Port Feed-Through Mode Setting Don't Care ; Off                 ; Off                 ;
; Create Debugging Nodes for IP Cores                                             ; Off                 ; Off                 ;
; Preserve fewer node names                                                       ; On                  ; On                  ;
; Intel FPGA IP Evaluation Mode                                                   ; Enable              ; Enable              ;
; Verilog Version                                                                 ; Verilog_2001        ; Verilog_2001        ;
; VHDL Version                                                                    ; VHDL_1993           ; VHDL_1993           ;
; State Machine Processing                                                        ; Auto                ; Auto                ;
; Safe State Machine                                                              ; Off                 ; Off                 ;
; Extract Verilog State Machines                                                  ; On                  ; On                  ;
; Extract VHDL State Machines                                                     ; On                  ; On                  ;
; Ignore Verilog initial constructs                                               ; Off                 ; Off                 ;
; Iteration limit for constant Verilog loops                                      ; 5000                ; 5000                ;
; Iteration limit for non-constant Verilog loops                                  ; 250                 ; 250                 ;
; Add Pass-Through Logic to Inferred RAMs                                         ; On                  ; On                  ;
; Infer RAMs from Raw Logic                                                       ; On                  ; On                  ;
; Parallel Synthesis                                                              ; On                  ; On                  ;
; DSP Block Balancing                                                             ; Auto                ; Auto                ;
; NOT Gate Push-Back                                                              ; On                  ; On                  ;
; Power-Up Don't Care                                                             ; On                  ; On                  ;
; Remove Redundant Logic Cells                                                    ; Off                 ; Off                 ;
; Remove Duplicate Registers                                                      ; On                  ; On                  ;
; Ignore CARRY Buffers                                                            ; Off                 ; Off                 ;
; Ignore CASCADE Buffers                                                          ; Off                 ; Off                 ;
; Ignore GLOBAL Buffers                                                           ; Off                 ; Off                 ;
; Ignore ROW GLOBAL Buffers                                                       ; Off                 ; Off                 ;
; Ignore LCELL Buffers                                                            ; Off                 ; Off                 ;
; Ignore SOFT Buffers                                                             ; On                  ; On                  ;
; Limit AHDL Integers to 32 Bits                                                  ; Off                 ; Off                 ;
; Optimization Technique                                                          ; Balanced            ; Balanced            ;
; Carry Chain Length                                                              ; 70                  ; 70                  ;
; Auto Carry Chains                                                               ; On                  ; On                  ;
; Auto Open-Drain Pins                                                            ; On                  ; On                  ;
; Perform WYSIWYG Primitive Resynthesis                                           ; Off                 ; Off                 ;
; Auto ROM Replacement                                                            ; On                  ; On                  ;
; Auto RAM Replacement                                                            ; On                  ; On                  ;
; Auto DSP Block Replacement                                                      ; On                  ; On                  ;
; Auto Shift Register Replacement                                                 ; Auto                ; Auto                ;
; Allow Shift Register Merging across Hierarchies                                 ; Auto                ; Auto                ;
; Auto Clock Enable Replacement                                                   ; On                  ; On                  ;
; Strict RAM Replacement                                                          ; Off                 ; Off                 ;
; Allow Synchronous Control Signals                                               ; On                  ; On                  ;
; Force Use of Synchronous Clear Signals                                          ; Off                 ; Off                 ;
; Auto Resource Sharing                                                           ; Off                 ; Off                 ;
; Allow Any RAM Size For Recognition                                              ; Off                 ; Off                 ;
; Allow Any ROM Size For Recognition                                              ; Off                 ; Off                 ;
; Allow Any Shift Register Size For Recognition                                   ; Off                 ; Off                 ;
; Use LogicLock Constraints during Resource Balancing                             ; On                  ; On                  ;
; Ignore translate_off and synthesis_off directives                               ; Off                 ; Off                 ;
; Timing-Driven Synthesis                                                         ; On                  ; On                  ;
; Report Parameter Settings                                                       ; On                  ; On                  ;
; Report Source Assignments                                                       ; On                  ; On                  ;
; Report Connectivity Checks                                                      ; On                  ; On                  ;
; Ignore Maximum Fan-Out Assignments                                              ; Off                 ; Off                 ;
; Synchronization Register Chain Length                                           ; 3                   ; 3                   ;
; Power Optimization During Synthesis                                             ; Normal compilation  ; Normal compilation  ;
; HDL message level                                                               ; Level2              ; Level2              ;
; Suppress Register Optimization Related Messages                                 ; Off                 ; Off                 ;
; Number of Removed Registers Reported in Synthesis Report                        ; 5000                ; 5000                ;
; Number of Swept Nodes Reported in Synthesis Report                              ; 5000                ; 5000                ;
; Number of Inverted Registers Reported in Synthesis Report                       ; 100                 ; 100                 ;
; Clock MUX Protection                                                            ; On                  ; On                  ;
; Auto Gated Clock Conversion                                                     ; Off                 ; Off                 ;
; Block Design Naming                                                             ; Auto                ; Auto                ;
; SDC constraint protection                                                       ; Off                 ; Off                 ;
; Synthesis Effort                                                                ; Auto                ; Auto                ;
; Shift Register Replacement - Allow Asynchronous Clear Signal                    ; On                  ; On                  ;
; Pre-Mapping Resynthesis Optimization                                            ; Off                 ; Off                 ;
; Analysis & Synthesis Message Level                                              ; Medium              ; Medium              ;
; Disable Register Merging Across Hierarchies                                     ; Auto                ; Auto                ;
; Resource Aware Inference For Block RAM                                          ; On                  ; On                  ;
; Automatic Parallel Synthesis                                                    ; On                  ; On                  ;
; Partial Reconfiguration Bitstream ID                                            ; Off                 ; Off                 ;
+---------------------------------------------------------------------------------+---------------------+---------------------+


+------------------------------------------+
; Parallel Compilation                     ;
+----------------------------+-------------+
; Processors                 ; Number      ;
+----------------------------+-------------+
; Number detected on machine ; 8           ;
; Maximum allowed            ; 4           ;
;                            ;             ;
; Average used               ; 1.00        ;
; Maximum used               ; 4           ;
;                            ;             ;
; Usage by Processor         ; % Time Used ;
;     Processor 1            ; 100.0%      ;
;     Processor 2            ;   0.0%      ;
;     Processor 3            ;   0.0%      ;
;     Processor 4            ;   0.0%      ;
+----------------------------+-------------+


+-----------------------------------------------------------------------------------------------------------------------------------------------------------------------------+
; Analysis & Synthesis Source Files Read                                                                                                                                      ;
+----------------------------------+-----------------+------------------------------+-------------------------------------------------------------------------------+---------+
; File Name with User-Entered Path ; Used in Netlist ; File Type                    ; File Name with Absolute Path                                                  ; Library ;
+----------------------------------+-----------------+------------------------------+-------------------------------------------------------------------------------+---------+
; timer_module.v                   ; yes             ; User Verilog HDL File        ; C:/Users/husey/Desktop/FPGA_Footsies_Final/timer_module.v                     ;         ;
; digit_display.v                  ; yes             ; User Verilog HDL File        ; C:/Users/husey/Desktop/FPGA_Footsies_Final/digit_display.v                    ;         ;
; counter_display.v                ; yes             ; User Verilog HDL File        ; C:/Users/husey/Desktop/FPGA_Footsies_Final/counter_display.v                  ;         ;
; counter_controller.v             ; yes             ; User Verilog HDL File        ; C:/Users/husey/Desktop/FPGA_Footsies_Final/counter_controller.v               ;         ;
; Background_renderer.v            ; yes             ; User Verilog HDL File        ; C:/Users/husey/Desktop/FPGA_Footsies_Final/Background_renderer.v              ;         ;
; Clock_Divider.v                  ; yes             ; User Verilog HDL File        ; C:/Users/husey/Desktop/FPGA_Footsies_Final/Clock_Divider.v                    ;         ;
; Collision_logic.v                ; yes             ; User Verilog HDL File        ; C:/Users/husey/Desktop/FPGA_Footsies_Final/Collision_logic.v                  ;         ;
; Counter.v                        ; yes             ; User Verilog HDL File        ; C:/Users/husey/Desktop/FPGA_Footsies_Final/Counter.v                          ;         ;
; CPU_logic.v                      ; yes             ; User Verilog HDL File        ; C:/Users/husey/Desktop/FPGA_Footsies_Final/CPU_logic.v                        ;         ;
; FPGA_Footsies_Final.v            ; yes             ; User Verilog HDL File        ; C:/Users/husey/Desktop/FPGA_Footsies_Final/FPGA_Footsies_Final.v              ;         ;
; game_core.v                      ; yes             ; User Verilog HDL File        ; C:/Users/husey/Desktop/FPGA_Footsies_Final/game_core.v                        ;         ;
; game_fsm.v                       ; yes             ; User Verilog HDL File        ; C:/Users/husey/Desktop/FPGA_Footsies_Final/game_fsm.v                         ;         ;
; Game_Over_core.v                 ; yes             ; User Verilog HDL File        ; C:/Users/husey/Desktop/FPGA_Footsies_Final/Game_Over_core.v                   ;         ;
; Health_Block.v                   ; yes             ; User Verilog HDL File        ; C:/Users/husey/Desktop/FPGA_Footsies_Final/Health_Block.v                     ;         ;
; keypad_1x3.v                     ; yes             ; User Verilog HDL File        ; C:/Users/husey/Desktop/FPGA_Footsies_Final/keypad_1x3.v                       ;         ;
; LFSR_16bit.v                     ; yes             ; User Verilog HDL File        ; C:/Users/husey/Desktop/FPGA_Footsies_Final/LFSR_16bit.v                       ;         ;
; Menu_Core.v                      ; yes             ; User Verilog HDL File        ; C:/Users/husey/Desktop/FPGA_Footsies_Final/Menu_Core.v                        ;         ;
; selection_arrow.v                ; yes             ; User Verilog HDL File        ; C:/Users/husey/Desktop/FPGA_Footsies_Final/selection_arrow.v                  ;         ;
; Shift_Register.v                 ; yes             ; User Verilog HDL File        ; C:/Users/husey/Desktop/FPGA_Footsies_Final/Shift_Register.v                   ;         ;
; Sprite_boxes.v                   ; yes             ; User Verilog HDL File        ; C:/Users/husey/Desktop/FPGA_Footsies_Final/Sprite_boxes.v                     ;         ;
; Sprite_FSM.v                     ; yes             ; User Verilog HDL File        ; C:/Users/husey/Desktop/FPGA_Footsies_Final/Sprite_FSM.v                       ;         ;
; Sprite_renderer.v                ; yes             ; User Verilog HDL File        ; C:/Users/husey/Desktop/FPGA_Footsies_Final/Sprite_renderer.v                  ;         ;
; text_display_game_over.v         ; yes             ; User Verilog HDL File        ; C:/Users/husey/Desktop/FPGA_Footsies_Final/text_display_game_over.v           ;         ;
; text_display_multi.v             ; yes             ; User Verilog HDL File        ; C:/Users/husey/Desktop/FPGA_Footsies_Final/text_display_multi.v               ;         ;
; text_display_player_wins.v       ; yes             ; User Verilog HDL File        ; C:/Users/husey/Desktop/FPGA_Footsies_Final/text_display_player_wins.v         ;         ;
; text_display_shadow.v            ; yes             ; User Verilog HDL File        ; C:/Users/husey/Desktop/FPGA_Footsies_Final/text_display_shadow.v              ;         ;
; text_display_single.v            ; yes             ; User Verilog HDL File        ; C:/Users/husey/Desktop/FPGA_Footsies_Final/text_display_single.v              ;         ;
; text_display_start.v             ; yes             ; User Verilog HDL File        ; C:/Users/husey/Desktop/FPGA_Footsies_Final/text_display_start.v               ;         ;
; vga_background.v                 ; yes             ; User Verilog HDL File        ; C:/Users/husey/Desktop/FPGA_Footsies_Final/vga_background.v                   ;         ;
; vga_driver.v                     ; yes             ; User Verilog HDL File        ; C:/Users/husey/Desktop/FPGA_Footsies_Final/vga_driver.v                       ;         ;
; lpm_divide.tdf                   ; yes             ; Megafunction                 ; c:/intelfpga_lite/23.1std/quartus/libraries/megafunctions/lpm_divide.tdf      ;         ;
; abs_divider.inc                  ; yes             ; Megafunction                 ; c:/intelfpga_lite/23.1std/quartus/libraries/megafunctions/abs_divider.inc     ;         ;
; sign_div_unsign.inc              ; yes             ; Megafunction                 ; c:/intelfpga_lite/23.1std/quartus/libraries/megafunctions/sign_div_unsign.inc ;         ;
; aglobal231.inc                   ; yes             ; Megafunction                 ; c:/intelfpga_lite/23.1std/quartus/libraries/megafunctions/aglobal231.inc      ;         ;
; db/lpm_divide_4am.tdf            ; yes             ; Auto-Generated Megafunction  ; C:/Users/husey/Desktop/FPGA_Footsies_Final/db/lpm_divide_4am.tdf              ;         ;
; db/sign_div_unsign_akh.tdf       ; yes             ; Auto-Generated Megafunction  ; C:/Users/husey/Desktop/FPGA_Footsies_Final/db/sign_div_unsign_akh.tdf         ;         ;
; db/alt_u_div_qse.tdf             ; yes             ; Auto-Generated Megafunction  ; C:/Users/husey/Desktop/FPGA_Footsies_Final/db/alt_u_div_qse.tdf               ;         ;
; db/lpm_divide_72m.tdf            ; yes             ; Auto-Generated Megafunction  ; C:/Users/husey/Desktop/FPGA_Footsies_Final/db/lpm_divide_72m.tdf              ;         ;
+----------------------------------+-----------------+------------------------------+-------------------------------------------------------------------------------+---------+


+--------------------------------------------------------------+
; Analysis & Synthesis Resource Usage Summary                  ;
+---------------------------------------------+----------------+
; Resource                                    ; Usage          ;
+---------------------------------------------+----------------+
; Estimate of Logic utilization (ALMs needed) ; 1421           ;
;                                             ;                ;
; Combinational ALUT usage for logic          ; 2199           ;
;     -- 7 input functions                    ; 18             ;
;     -- 6 input functions                    ; 622            ;
;     -- 5 input functions                    ; 354            ;
;     -- 4 input functions                    ; 243            ;
;     -- <=3 input functions                  ; 962            ;
;                                             ;                ;
; Dedicated logic registers                   ; 411            ;
;                                             ;                ;
; I/O pins                                    ; 135            ;
;                                             ;                ;
; Total DSP Blocks                            ; 0              ;
;                                             ;                ;
; Maximum fan-out node                        ; CLOCK_50~input ;
; Maximum fan-out                             ; 215            ;
; Total fan-out                               ; 10148          ;
; Average fan-out                             ; 3.48           ;
+---------------------------------------------+----------------+


+-------------------------------------------------------------------------------------------------------------------------------------------------------------------------------------------------------------------------------------------------------------------------------------------------------------------------------------------------------------------------------------------------------------------------------------------------------------+
; Analysis & Synthesis Resource Utilization by Entity                                                                                                                                                                                                                                                                                                                                                                                                         ;
+-------------------------------------------------------------+---------------------+---------------------------+-------------------+------------+------+--------------+--------------------------------------------------------------------------------------------------------------------------------------------------------------------------------------------------------------------------------------------+--------------------------+--------------+
; Compilation Hierarchy Node                                  ; Combinational ALUTs ; Dedicated Logic Registers ; Block Memory Bits ; DSP Blocks ; Pins ; Virtual Pins ; Full Hierarchy Name                                                                                                                                                                                                                        ; Entity Name              ; Library Name ;
+-------------------------------------------------------------+---------------------+---------------------------+-------------------+------------+------+--------------+--------------------------------------------------------------------------------------------------------------------------------------------------------------------------------------------------------------------------------------------+--------------------------+--------------+
; |FPGA_Footsies_Final                                        ; 2199 (1)            ; 411 (0)                   ; 0                 ; 0          ; 135  ; 0            ; |FPGA_Footsies_Final                                                                                                                                                                                                                       ; FPGA_Footsies_Final      ; work         ;
;    |CPU_logic:cpu|                                          ; 42 (0)              ; 51 (0)                    ; 0                 ; 0          ; 0    ; 0            ; |FPGA_Footsies_Final|CPU_logic:cpu                                                                                                                                                                                                         ; CPU_logic                ; work         ;
;       |Clock_Divider:clock_cpu|                             ; 41 (9)              ; 35 (3)                    ; 0                 ; 0          ; 0    ; 0            ; |FPGA_Footsies_Final|CPU_logic:cpu|Clock_Divider:clock_cpu                                                                                                                                                                                 ; Clock_Divider            ; work         ;
;          |Counter:count_inst|                               ; 32 (32)             ; 32 (32)                   ; 0                 ; 0          ; 0    ; 0            ; |FPGA_Footsies_Final|CPU_logic:cpu|Clock_Divider:clock_cpu|Counter:count_inst                                                                                                                                                              ; Counter                  ; work         ;
;       |LFSR_16bit:my_lfsr|                                  ; 1 (1)               ; 16 (0)                    ; 0                 ; 0          ; 0    ; 0            ; |FPGA_Footsies_Final|CPU_logic:cpu|LFSR_16bit:my_lfsr                                                                                                                                                                                      ; LFSR_16bit               ; work         ;
;          |Shift_Register:shift|                             ; 0 (0)               ; 16 (16)                   ; 0                 ; 0          ; 0    ; 0            ; |FPGA_Footsies_Final|CPU_logic:cpu|LFSR_16bit:my_lfsr|Shift_Register:shift                                                                                                                                                                 ; Shift_Register           ; work         ;
;    |Clock_Divider:clk_div_inst|                             ; 42 (10)             ; 35 (3)                    ; 0                 ; 0          ; 0    ; 0            ; |FPGA_Footsies_Final|Clock_Divider:clk_div_inst                                                                                                                                                                                            ; Clock_Divider            ; work         ;
;       |Counter:count_inst|                                  ; 32 (32)             ; 32 (32)                   ; 0                 ; 0          ; 0    ; 0            ; |FPGA_Footsies_Final|Clock_Divider:clk_div_inst|Counter:count_inst                                                                                                                                                                         ; Counter                  ; work         ;
;    |game_fsm:game|                                          ; 2111 (27)           ; 322 (7)                   ; 0                 ; 0          ; 0    ; 0            ; |FPGA_Footsies_Final|game_fsm:game                                                                                                                                                                                                         ; game_fsm                 ; work         ;
;       |Game_Over_core:game_over_inst|                       ; 216 (0)             ; 75 (0)                    ; 0                 ; 0          ; 0    ; 0            ; |FPGA_Footsies_Final|game_fsm:game|Game_Over_core:game_over_inst                                                                                                                                                                           ; Game_Over_core           ; work         ;
;          |Clock_Divider:clk_div_inst|                       ; 34 (2)              ; 34 (2)                    ; 0                 ; 0          ; 0    ; 0            ; |FPGA_Footsies_Final|game_fsm:game|Game_Over_core:game_over_inst|Clock_Divider:clk_div_inst                                                                                                                                                ; Clock_Divider            ; work         ;
;             |Counter:count_inst|                            ; 32 (32)             ; 32 (32)                   ; 0                 ; 0          ; 0    ; 0            ; |FPGA_Footsies_Final|game_fsm:game|Game_Over_core:game_over_inst|Clock_Divider:clk_div_inst|Counter:count_inst                                                                                                                             ; Counter                  ; work         ;
;          |text_display_game_over:text_module_game_over|     ; 39 (39)             ; 1 (1)                     ; 0                 ; 0          ; 0    ; 0            ; |FPGA_Footsies_Final|game_fsm:game|Game_Over_core:game_over_inst|text_display_game_over:text_module_game_over                                                                                                                              ; text_display_game_over   ; work         ;
;          |text_display_player_wins:text_module_player_wins| ; 81 (81)             ; 4 (4)                     ; 0                 ; 0          ; 0    ; 0            ; |FPGA_Footsies_Final|game_fsm:game|Game_Over_core:game_over_inst|text_display_player_wins:text_module_player_wins                                                                                                                          ; text_display_player_wins ; work         ;
;          |vga_background:bg_module|                         ; 2 (2)               ; 1 (1)                     ; 0                 ; 0          ; 0    ; 0            ; |FPGA_Footsies_Final|game_fsm:game|Game_Over_core:game_over_inst|vga_background:bg_module                                                                                                                                                  ; vga_background           ; work         ;
;          |vga_driver:vga_ctrl|                              ; 60 (60)             ; 35 (35)                   ; 0                 ; 0          ; 0    ; 0            ; |FPGA_Footsies_Final|game_fsm:game|Game_Over_core:game_over_inst|vga_driver:vga_ctrl                                                                                                                                                       ; vga_driver               ; work         ;
;       |Menu_Core:menu_inst|                                 ; 347 (0)             ; 75 (0)                    ; 0                 ; 0          ; 0    ; 0            ; |FPGA_Footsies_Final|game_fsm:game|Menu_Core:menu_inst                                                                                                                                                                                     ; Menu_Core                ; work         ;
;          |Clock_Divider:clk_div_inst|                       ; 41 (9)              ; 34 (2)                    ; 0                 ; 0          ; 0    ; 0            ; |FPGA_Footsies_Final|game_fsm:game|Menu_Core:menu_inst|Clock_Divider:clk_div_inst                                                                                                                                                          ; Clock_Divider            ; work         ;
;             |Counter:count_inst|                            ; 32 (32)             ; 32 (32)                   ; 0                 ; 0          ; 0    ; 0            ; |FPGA_Footsies_Final|game_fsm:game|Menu_Core:menu_inst|Clock_Divider:clk_div_inst|Counter:count_inst                                                                                                                                       ; Counter                  ; work         ;
;          |selection_arrow:arrow_module|                     ; 27 (27)             ; 2 (2)                     ; 0                 ; 0          ; 0    ; 0            ; |FPGA_Footsies_Final|game_fsm:game|Menu_Core:menu_inst|selection_arrow:arrow_module                                                                                                                                                        ; selection_arrow          ; work         ;
;          |text_display_multi:text_module_multi|             ; 50 (50)             ; 1 (1)                     ; 0                 ; 0          ; 0    ; 0            ; |FPGA_Footsies_Final|game_fsm:game|Menu_Core:menu_inst|text_display_multi:text_module_multi                                                                                                                                                ; text_display_multi       ; work         ;
;          |text_display_shadow:text_module_shadow|           ; 50 (50)             ; 1 (1)                     ; 0                 ; 0          ; 0    ; 0            ; |FPGA_Footsies_Final|game_fsm:game|Menu_Core:menu_inst|text_display_shadow:text_module_shadow                                                                                                                                              ; text_display_shadow      ; work         ;
;          |text_display_single:text_module_single|           ; 40 (40)             ; 1 (1)                     ; 0                 ; 0          ; 0    ; 0            ; |FPGA_Footsies_Final|game_fsm:game|Menu_Core:menu_inst|text_display_single:text_module_single                                                                                                                                              ; text_display_single      ; work         ;
;          |text_display_start:text_module_start|             ; 76 (76)             ; 2 (2)                     ; 0                 ; 0          ; 0    ; 0            ; |FPGA_Footsies_Final|game_fsm:game|Menu_Core:menu_inst|text_display_start:text_module_start                                                                                                                                                ; text_display_start       ; work         ;
;          |vga_background:bg_module|                         ; 2 (2)               ; 1 (1)                     ; 0                 ; 0          ; 0    ; 0            ; |FPGA_Footsies_Final|game_fsm:game|Menu_Core:menu_inst|vga_background:bg_module                                                                                                                                                            ; vga_background           ; work         ;
;          |vga_driver:vga_ctrl|                              ; 61 (61)             ; 33 (33)                   ; 0                 ; 0          ; 0    ; 0            ; |FPGA_Footsies_Final|game_fsm:game|Menu_Core:menu_inst|vga_driver:vga_ctrl                                                                                                                                                                 ; vga_driver               ; work         ;
;       |game_core:game_inst|                                 ; 1521 (513)          ; 165 (0)                   ; 0                 ; 0          ; 0    ; 0            ; |FPGA_Footsies_Final|game_fsm:game|game_core:game_inst                                                                                                                                                                                     ; game_core                ; work         ;
;          |Background_renderer:background|                   ; 306 (82)            ; 41 (0)                    ; 0                 ; 0          ; 0    ; 0            ; |FPGA_Footsies_Final|game_fsm:game|game_core:game_inst|Background_renderer:background                                                                                                                                                      ; Background_renderer      ; work         ;
;             |timer_module:timer_inst|                       ; 224 (0)             ; 41 (0)                    ; 0                 ; 0          ; 0    ; 0            ; |FPGA_Footsies_Final|game_fsm:game|game_core:game_inst|Background_renderer:background|timer_module:timer_inst                                                                                                                              ; timer_module             ; work         ;
;                |counter_controller:counter_ctrl|            ; 52 (11)             ; 41 (7)                    ; 0                 ; 0          ; 0    ; 0            ; |FPGA_Footsies_Final|game_fsm:game|game_core:game_inst|Background_renderer:background|timer_module:timer_inst|counter_controller:counter_ctrl                                                                                              ; counter_controller       ; work         ;
;                   |Clock_Divider:clk_div|                   ; 41 (9)              ; 34 (2)                    ; 0                 ; 0          ; 0    ; 0            ; |FPGA_Footsies_Final|game_fsm:game|game_core:game_inst|Background_renderer:background|timer_module:timer_inst|counter_controller:counter_ctrl|Clock_Divider:clk_div                                                                        ; Clock_Divider            ; work         ;
;                      |Counter:count_inst|                   ; 32 (32)             ; 32 (32)                   ; 0                 ; 0          ; 0    ; 0            ; |FPGA_Footsies_Final|game_fsm:game|game_core:game_inst|Background_renderer:background|timer_module:timer_inst|counter_controller:counter_ctrl|Clock_Divider:clk_div|Counter:count_inst                                                     ; Counter                  ; work         ;
;                |counter_display:counter_disp|               ; 172 (1)             ; 0 (0)                     ; 0                 ; 0          ; 0    ; 0            ; |FPGA_Footsies_Final|game_fsm:game|game_core:game_inst|Background_renderer:background|timer_module:timer_inst|counter_display:counter_disp                                                                                                 ; counter_display          ; work         ;
;                   |digit_display:ones_display|              ; 35 (35)             ; 0 (0)                     ; 0                 ; 0          ; 0    ; 0            ; |FPGA_Footsies_Final|game_fsm:game|game_core:game_inst|Background_renderer:background|timer_module:timer_inst|counter_display:counter_disp|digit_display:ones_display                                                                      ; digit_display            ; work         ;
;                   |digit_display:tens_display|              ; 56 (56)             ; 0 (0)                     ; 0                 ; 0          ; 0    ; 0            ; |FPGA_Footsies_Final|game_fsm:game|game_core:game_inst|Background_renderer:background|timer_module:timer_inst|counter_display:counter_disp|digit_display:tens_display                                                                      ; digit_display            ; work         ;
;                   |lpm_divide:Div0|                         ; 38 (0)              ; 0 (0)                     ; 0                 ; 0          ; 0    ; 0            ; |FPGA_Footsies_Final|game_fsm:game|game_core:game_inst|Background_renderer:background|timer_module:timer_inst|counter_display:counter_disp|lpm_divide:Div0                                                                                 ; lpm_divide               ; work         ;
;                      |lpm_divide_4am:auto_generated|        ; 38 (0)              ; 0 (0)                     ; 0                 ; 0          ; 0    ; 0            ; |FPGA_Footsies_Final|game_fsm:game|game_core:game_inst|Background_renderer:background|timer_module:timer_inst|counter_display:counter_disp|lpm_divide:Div0|lpm_divide_4am:auto_generated                                                   ; lpm_divide_4am           ; work         ;
;                         |sign_div_unsign_akh:divider|       ; 38 (0)              ; 0 (0)                     ; 0                 ; 0          ; 0    ; 0            ; |FPGA_Footsies_Final|game_fsm:game|game_core:game_inst|Background_renderer:background|timer_module:timer_inst|counter_display:counter_disp|lpm_divide:Div0|lpm_divide_4am:auto_generated|sign_div_unsign_akh:divider                       ; sign_div_unsign_akh      ; work         ;
;                            |alt_u_div_qse:divider|          ; 38 (38)             ; 0 (0)                     ; 0                 ; 0          ; 0    ; 0            ; |FPGA_Footsies_Final|game_fsm:game|game_core:game_inst|Background_renderer:background|timer_module:timer_inst|counter_display:counter_disp|lpm_divide:Div0|lpm_divide_4am:auto_generated|sign_div_unsign_akh:divider|alt_u_div_qse:divider ; alt_u_div_qse            ; work         ;
;                   |lpm_divide:Mod0|                         ; 42 (0)              ; 0 (0)                     ; 0                 ; 0          ; 0    ; 0            ; |FPGA_Footsies_Final|game_fsm:game|game_core:game_inst|Background_renderer:background|timer_module:timer_inst|counter_display:counter_disp|lpm_divide:Mod0                                                                                 ; lpm_divide               ; work         ;
;                      |lpm_divide_72m:auto_generated|        ; 42 (0)              ; 0 (0)                     ; 0                 ; 0          ; 0    ; 0            ; |FPGA_Footsies_Final|game_fsm:game|game_core:game_inst|Background_renderer:background|timer_module:timer_inst|counter_display:counter_disp|lpm_divide:Mod0|lpm_divide_72m:auto_generated                                                   ; lpm_divide_72m           ; work         ;
;                         |sign_div_unsign_akh:divider|       ; 42 (0)              ; 0 (0)                     ; 0                 ; 0          ; 0    ; 0            ; |FPGA_Footsies_Final|game_fsm:game|game_core:game_inst|Background_renderer:background|timer_module:timer_inst|counter_display:counter_disp|lpm_divide:Mod0|lpm_divide_72m:auto_generated|sign_div_unsign_akh:divider                       ; sign_div_unsign_akh      ; work         ;
;                            |alt_u_div_qse:divider|          ; 42 (42)             ; 0 (0)                     ; 0                 ; 0          ; 0    ; 0            ; |FPGA_Footsies_Final|game_fsm:game|game_core:game_inst|Background_renderer:background|timer_module:timer_inst|counter_display:counter_disp|lpm_divide:Mod0|lpm_divide_72m:auto_generated|sign_div_unsign_akh:divider|alt_u_div_qse:divider ; alt_u_div_qse            ; work         ;
;          |Clock_Divider:clock_fsm|                          ; 41 (9)              ; 35 (3)                    ; 0                 ; 0          ; 0    ; 0            ; |FPGA_Footsies_Final|game_fsm:game|game_core:game_inst|Clock_Divider:clock_fsm                                                                                                                                                             ; Clock_Divider            ; work         ;
;             |Counter:count_inst|                            ; 32 (32)             ; 32 (32)                   ; 0                 ; 0          ; 0    ; 0            ; |FPGA_Footsies_Final|game_fsm:game|game_core:game_inst|Clock_Divider:clock_fsm|Counter:count_inst                                                                                                                                          ; Counter                  ; work         ;
;          |Clock_Divider:clock_vga|                          ; 8 (8)               ; 1 (1)                     ; 0                 ; 0          ; 0    ; 0            ; |FPGA_Footsies_Final|game_fsm:game|game_core:game_inst|Clock_Divider:clock_vga                                                                                                                                                             ; Clock_Divider            ; work         ;
;          |Collision_logic:col_p1_hits_p2|                   ; 55 (55)             ; 0 (0)                     ; 0                 ; 0          ; 0    ; 0            ; |FPGA_Footsies_Final|game_fsm:game|game_core:game_inst|Collision_logic:col_p1_hits_p2                                                                                                                                                      ; Collision_logic          ; work         ;
;          |Collision_logic:col_p2_hits_p1|                   ; 61 (61)             ; 0 (0)                     ; 0                 ; 0          ; 0    ; 0            ; |FPGA_Footsies_Final|game_fsm:game|game_core:game_inst|Collision_logic:col_p2_hits_p1                                                                                                                                                      ; Collision_logic          ; work         ;
;          |Health_Block:health_block_p1|                     ; 6 (6)               ; 6 (6)                     ; 0                 ; 0          ; 0    ; 0            ; |FPGA_Footsies_Final|game_fsm:game|game_core:game_inst|Health_Block:health_block_p1                                                                                                                                                        ; Health_Block             ; work         ;
;          |Health_Block:health_block_p2|                     ; 6 (6)               ; 6 (6)                     ; 0                 ; 0          ; 0    ; 0            ; |FPGA_Footsies_Final|game_fsm:game|game_core:game_inst|Health_Block:health_block_p2                                                                                                                                                        ; Health_Block             ; work         ;
;          |Sprite_FSM:fsm_p1|                                ; 53 (53)             ; 11 (11)                   ; 0                 ; 0          ; 0    ; 0            ; |FPGA_Footsies_Final|game_fsm:game|game_core:game_inst|Sprite_FSM:fsm_p1                                                                                                                                                                   ; Sprite_FSM               ; work         ;
;          |Sprite_FSM:fsm_p2|                                ; 46 (46)             ; 9 (9)                     ; 0                 ; 0          ; 0    ; 0            ; |FPGA_Footsies_Final|game_fsm:game|game_core:game_inst|Sprite_FSM:fsm_p2                                                                                                                                                                   ; Sprite_FSM               ; work         ;
;          |Sprite_boxes:boxes1|                              ; 128 (128)           ; 0 (0)                     ; 0                 ; 0          ; 0    ; 0            ; |FPGA_Footsies_Final|game_fsm:game|game_core:game_inst|Sprite_boxes:boxes1                                                                                                                                                                 ; Sprite_boxes             ; work         ;
;          |Sprite_boxes:boxes2|                              ; 122 (122)           ; 0 (0)                     ; 0                 ; 0          ; 0    ; 0            ; |FPGA_Footsies_Final|game_fsm:game|game_core:game_inst|Sprite_boxes:boxes2                                                                                                                                                                 ; Sprite_boxes             ; work         ;
;          |Sprite_renderer:render1|                          ; 62 (62)             ; 10 (10)                   ; 0                 ; 0          ; 0    ; 0            ; |FPGA_Footsies_Final|game_fsm:game|game_core:game_inst|Sprite_renderer:render1                                                                                                                                                             ; Sprite_renderer          ; work         ;
;          |Sprite_renderer:render2|                          ; 48 (48)             ; 10 (10)                   ; 0                 ; 0          ; 0    ; 0            ; |FPGA_Footsies_Final|game_fsm:game|game_core:game_inst|Sprite_renderer:render2                                                                                                                                                             ; Sprite_renderer          ; work         ;
;          |vga_driver:vga|                                   ; 66 (66)             ; 36 (36)                   ; 0                 ; 0          ; 0    ; 0            ; |FPGA_Footsies_Final|game_fsm:game|game_core:game_inst|vga_driver:vga                                                                                                                                                                      ; vga_driver               ; work         ;
;    |keypad_1x3:keypad_inst|                                 ; 3 (3)               ; 3 (3)                     ; 0                 ; 0          ; 0    ; 0            ; |FPGA_Footsies_Final|keypad_1x3:keypad_inst                                                                                                                                                                                                ; keypad_1x3               ; work         ;
+-------------------------------------------------------------+---------------------+---------------------------+-------------------+------------+------+--------------+--------------------------------------------------------------------------------------------------------------------------------------------------------------------------------------------------------------------------------------------+--------------------------+--------------+
Note: For table entries with two numbers listed, the numbers in parentheses indicate the number of resources of the given type used by the specific entity alone. The numbers listed outside of parentheses indicate the total resources of the given type used by the specific entity and all of its sub-entities in the hierarchy.


Encoding Type:  One-Hot
+------------------------------------------------------------------------------------------------------------------------+
; State Machine - |FPGA_Footsies_Final|game_fsm:game|Game_Over_core:game_over_inst|vga_driver:vga_ctrl|v_state           ;
+------------------------+----------------------+-----------------------+-----------------------+------------------------+
; Name                   ; v_state.V_BACK_STATE ; v_state.V_PULSE_STATE ; v_state.V_FRONT_STATE ; v_state.V_ACTIVE_STATE ;
+------------------------+----------------------+-----------------------+-----------------------+------------------------+
; v_state.V_ACTIVE_STATE ; 0                    ; 0                     ; 0                     ; 0                      ;
; v_state.V_FRONT_STATE  ; 0                    ; 0                     ; 1                     ; 1                      ;
; v_state.V_PULSE_STATE  ; 0                    ; 1                     ; 0                     ; 1                      ;
; v_state.V_BACK_STATE   ; 1                    ; 0                     ; 0                     ; 1                      ;
+------------------------+----------------------+-----------------------+-----------------------+------------------------+


Encoding Type:  One-Hot
+------------------------------------------------------------------------------------------------------------------------+
; State Machine - |FPGA_Footsies_Final|game_fsm:game|Game_Over_core:game_over_inst|vga_driver:vga_ctrl|h_state           ;
+------------------------+----------------------+-----------------------+-----------------------+------------------------+
; Name                   ; h_state.H_BACK_STATE ; h_state.H_PULSE_STATE ; h_state.H_FRONT_STATE ; h_state.H_ACTIVE_STATE ;
+------------------------+----------------------+-----------------------+-----------------------+------------------------+
; h_state.H_ACTIVE_STATE ; 0                    ; 0                     ; 0                     ; 0                      ;
; h_state.H_FRONT_STATE  ; 0                    ; 0                     ; 1                     ; 1                      ;
; h_state.H_PULSE_STATE  ; 0                    ; 1                     ; 0                     ; 1                      ;
; h_state.H_BACK_STATE   ; 1                    ; 0                     ; 0                     ; 1                      ;
+------------------------+----------------------+-----------------------+-----------------------+------------------------+


Encoding Type:  One-Hot
+------------------------------------------------------------------------------------------------------------------------+
; State Machine - |FPGA_Footsies_Final|game_fsm:game|game_core:game_inst|vga_driver:vga|v_state                          ;
+------------------------+----------------------+-----------------------+-----------------------+------------------------+
; Name                   ; v_state.V_BACK_STATE ; v_state.V_PULSE_STATE ; v_state.V_FRONT_STATE ; v_state.V_ACTIVE_STATE ;
+------------------------+----------------------+-----------------------+-----------------------+------------------------+
; v_state.V_ACTIVE_STATE ; 0                    ; 0                     ; 0                     ; 0                      ;
; v_state.V_FRONT_STATE  ; 0                    ; 0                     ; 1                     ; 1                      ;
; v_state.V_PULSE_STATE  ; 0                    ; 1                     ; 0                     ; 1                      ;
; v_state.V_BACK_STATE   ; 1                    ; 0                     ; 0                     ; 1                      ;
+------------------------+----------------------+-----------------------+-----------------------+------------------------+


Encoding Type:  One-Hot
+------------------------------------------------------------------------------------------------------------------------+
; State Machine - |FPGA_Footsies_Final|game_fsm:game|game_core:game_inst|vga_driver:vga|h_state                          ;
+------------------------+----------------------+-----------------------+-----------------------+------------------------+
; Name                   ; h_state.H_BACK_STATE ; h_state.H_PULSE_STATE ; h_state.H_FRONT_STATE ; h_state.H_ACTIVE_STATE ;
+------------------------+----------------------+-----------------------+-----------------------+------------------------+
; h_state.H_ACTIVE_STATE ; 0                    ; 0                     ; 0                     ; 0                      ;
; h_state.H_FRONT_STATE  ; 0                    ; 0                     ; 1                     ; 1                      ;
; h_state.H_PULSE_STATE  ; 0                    ; 1                     ; 0                     ; 1                      ;
; h_state.H_BACK_STATE   ; 1                    ; 0                     ; 0                     ; 1                      ;
+------------------------+----------------------+-----------------------+-----------------------+------------------------+


Encoding Type:  One-Hot
+------------------------------------------------------------------------------------------------------------------------+
; State Machine - |FPGA_Footsies_Final|game_fsm:game|Menu_Core:menu_inst|vga_driver:vga_ctrl|v_state                     ;
+------------------------+----------------------+-----------------------+-----------------------+------------------------+
; Name                   ; v_state.V_BACK_STATE ; v_state.V_PULSE_STATE ; v_state.V_FRONT_STATE ; v_state.V_ACTIVE_STATE ;
+------------------------+----------------------+-----------------------+-----------------------+------------------------+
; v_state.V_ACTIVE_STATE ; 0                    ; 0                     ; 0                     ; 0                      ;
; v_state.V_FRONT_STATE  ; 0                    ; 0                     ; 1                     ; 1                      ;
; v_state.V_PULSE_STATE  ; 0                    ; 1                     ; 0                     ; 1                      ;
; v_state.V_BACK_STATE   ; 1                    ; 0                     ; 0                     ; 1                      ;
+------------------------+----------------------+-----------------------+-----------------------+------------------------+


Encoding Type:  One-Hot
+------------------------------------------------------------------------------------------------------------------------+
; State Machine - |FPGA_Footsies_Final|game_fsm:game|Menu_Core:menu_inst|vga_driver:vga_ctrl|h_state                     ;
+------------------------+----------------------+-----------------------+-----------------------+------------------------+
; Name                   ; h_state.H_BACK_STATE ; h_state.H_PULSE_STATE ; h_state.H_FRONT_STATE ; h_state.H_ACTIVE_STATE ;
+------------------------+----------------------+-----------------------+-----------------------+------------------------+
; h_state.H_ACTIVE_STATE ; 0                    ; 0                     ; 0                     ; 0                      ;
; h_state.H_FRONT_STATE  ; 0                    ; 0                     ; 1                     ; 1                      ;
; h_state.H_PULSE_STATE  ; 0                    ; 1                     ; 0                     ; 1                      ;
; h_state.H_BACK_STATE   ; 1                    ; 0                     ; 0                     ; 1                      ;
+------------------------+----------------------+-----------------------+-----------------------+------------------------+


+------------------------------------------------------------------------------------------------------------------------------------------------------------------------------------------------------------------------------------------------------------------------------------+
; Registers Removed During Synthesis                                                                                                                                                                                                                                                 ;
+------------------------------------------------------------------------------------------------------------------------------------------------------------+-----------------------------------------------------------------------------------------------------------------------+
; Register name                                                                                                                                              ; Reason for Removal                                                                                                    ;
+------------------------------------------------------------------------------------------------------------------------------------------------------------+-----------------------------------------------------------------------------------------------------------------------+
; game_fsm:game|Game_Over_core:game_over_inst|vga_driver:vga_ctrl|red_reg[0]                                                                                 ; Stuck at GND due to stuck port data_in                                                                                ;
; game_fsm:game|Game_Over_core:game_over_inst|vga_driver:vga_ctrl|green_reg[0..4]                                                                            ; Stuck at GND due to stuck port data_in                                                                                ;
; game_fsm:game|Game_Over_core:game_over_inst|vga_driver:vga_ctrl|blue_reg[0..5]                                                                             ; Stuck at GND due to stuck port data_in                                                                                ;
; game_fsm:game|Game_Over_core:game_over_inst|vga_driver:vga_ctrl|red_reg[1..4]                                                                              ; Stuck at GND due to stuck port data_in                                                                                ;
; game_fsm:game|Game_Over_core:game_over_inst|vga_background:bg_module|color_out[0..3,6]                                                                     ; Stuck at GND due to stuck port data_in                                                                                ;
; game_fsm:game|Game_Over_core:game_over_inst|Clock_Divider:clk_div_inst|control[1]                                                                          ; Stuck at GND due to stuck port data_in                                                                                ;
; game_fsm:game|game_core:game_inst|vga_driver:vga|red_reg[0]                                                                                                ; Stuck at GND due to stuck port data_in                                                                                ;
; game_fsm:game|game_core:game_inst|vga_driver:vga|green_reg[0..4]                                                                                           ; Stuck at GND due to stuck port data_in                                                                                ;
; game_fsm:game|game_core:game_inst|vga_driver:vga|blue_reg[0..5]                                                                                            ; Stuck at GND due to stuck port data_in                                                                                ;
; game_fsm:game|game_core:game_inst|vga_driver:vga|red_reg[1..4]                                                                                             ; Stuck at GND due to stuck port data_in                                                                                ;
; game_fsm:game|game_core:game_inst|Background_renderer:background|timer_module:timer_inst|counter_controller:counter_ctrl|Clock_Divider:clk_div|control[1]  ; Stuck at GND due to stuck port data_in                                                                                ;
; game_fsm:game|game_core:game_inst|Sprite_renderer:render2|sprite_y[8,9]                                                                                    ; Stuck at GND due to stuck port data_in                                                                                ;
; game_fsm:game|game_core:game_inst|Sprite_renderer:render2|sprite_y[7]                                                                                      ; Stuck at VCC due to stuck port data_in                                                                                ;
; game_fsm:game|game_core:game_inst|Sprite_renderer:render2|sprite_y[6]                                                                                      ; Stuck at GND due to stuck port data_in                                                                                ;
; game_fsm:game|game_core:game_inst|Sprite_renderer:render2|sprite_y[4,5]                                                                                    ; Stuck at VCC due to stuck port data_in                                                                                ;
; game_fsm:game|game_core:game_inst|Sprite_renderer:render2|sprite_y[3]                                                                                      ; Stuck at GND due to stuck port data_in                                                                                ;
; game_fsm:game|game_core:game_inst|Sprite_renderer:render2|sprite_y[2]                                                                                      ; Stuck at VCC due to stuck port data_in                                                                                ;
; game_fsm:game|game_core:game_inst|Sprite_renderer:render2|sprite_y[0,1]                                                                                    ; Stuck at GND due to stuck port data_in                                                                                ;
; game_fsm:game|game_core:game_inst|Sprite_renderer:render1|sprite_y[8,9]                                                                                    ; Stuck at GND due to stuck port data_in                                                                                ;
; game_fsm:game|game_core:game_inst|Sprite_renderer:render1|sprite_y[7]                                                                                      ; Stuck at VCC due to stuck port data_in                                                                                ;
; game_fsm:game|game_core:game_inst|Sprite_renderer:render1|sprite_y[6]                                                                                      ; Stuck at GND due to stuck port data_in                                                                                ;
; game_fsm:game|game_core:game_inst|Sprite_renderer:render1|sprite_y[4,5]                                                                                    ; Stuck at VCC due to stuck port data_in                                                                                ;
; game_fsm:game|game_core:game_inst|Sprite_renderer:render1|sprite_y[3]                                                                                      ; Stuck at GND due to stuck port data_in                                                                                ;
; game_fsm:game|game_core:game_inst|Sprite_renderer:render1|sprite_y[2]                                                                                      ; Stuck at VCC due to stuck port data_in                                                                                ;
; game_fsm:game|game_core:game_inst|Sprite_renderer:render1|sprite_y[0,1]                                                                                    ; Stuck at GND due to stuck port data_in                                                                                ;
; game_fsm:game|game_core:game_inst|Clock_Divider:clock_fsm|control[1]                                                                                       ; Stuck at GND due to stuck port data_in                                                                                ;
; game_fsm:game|game_core:game_inst|Clock_Divider:clock_vga|control[1]                                                                                       ; Stuck at GND due to stuck port data_in                                                                                ;
; game_fsm:game|Menu_Core:menu_inst|vga_driver:vga_ctrl|red_reg[0]                                                                                           ; Stuck at GND due to stuck port data_in                                                                                ;
; game_fsm:game|Menu_Core:menu_inst|vga_driver:vga_ctrl|green_reg[0..4]                                                                                      ; Stuck at GND due to stuck port data_in                                                                                ;
; game_fsm:game|Menu_Core:menu_inst|vga_driver:vga_ctrl|blue_reg[0..5]                                                                                       ; Stuck at GND due to stuck port data_in                                                                                ;
; game_fsm:game|Menu_Core:menu_inst|vga_driver:vga_ctrl|red_reg[1..4]                                                                                        ; Stuck at GND due to stuck port data_in                                                                                ;
; game_fsm:game|Menu_Core:menu_inst|vga_background:bg_module|color_out[0..3,6]                                                                               ; Stuck at GND due to stuck port data_in                                                                                ;
; game_fsm:game|Menu_Core:menu_inst|Clock_Divider:clk_div_inst|control[1]                                                                                    ; Stuck at GND due to stuck port data_in                                                                                ;
; CPU_logic:cpu|LFSR_16bit:my_lfsr|shift_reg_control[1]                                                                                                      ; Stuck at VCC due to stuck port data_in                                                                                ;
; CPU_logic:cpu|LFSR_16bit:my_lfsr|shift_reg_control[0]                                                                                                      ; Stuck at GND due to stuck port data_in                                                                                ;
; CPU_logic:cpu|Clock_Divider:clock_cpu|control[1]                                                                                                           ; Stuck at GND due to stuck port data_in                                                                                ;
; keypad_1x3:keypad_inst|row                                                                                                                                 ; Stuck at GND due to stuck port data_in                                                                                ;
; Clock_Divider:clk_div_inst|control[1]                                                                                                                      ; Stuck at GND due to stuck port data_in                                                                                ;
; game_fsm:game|Game_Over_core:game_over_inst|Clock_Divider:clk_div_inst|prev_bypass                                                                         ; Stuck at GND due to stuck port data_in                                                                                ;
; game_fsm:game|game_core:game_inst|Background_renderer:background|timer_module:timer_inst|counter_controller:counter_ctrl|Clock_Divider:clk_div|prev_bypass ; Stuck at GND due to stuck port data_in                                                                                ;
; game_fsm:game|game_core:game_inst|Clock_Divider:clock_vga|prev_bypass                                                                                      ; Stuck at GND due to stuck port data_in                                                                                ;
; game_fsm:game|Game_Over_core:game_over_inst|text_display_game_over:text_module_game_over|color_out[0..3,6]                                                 ; Stuck at GND due to stuck port data_in                                                                                ;
; game_fsm:game|Menu_Core:menu_inst|text_display_shadow:text_module_shadow|color_out[0..3,6]                                                                 ; Stuck at GND due to stuck port data_in                                                                                ;
; game_fsm:game|Game_Over_core:game_over_inst|text_display_player_wins:text_module_player_wins|color_out[6]                                                  ; Stuck at GND due to stuck port data_in                                                                                ;
; game_fsm:game|Menu_Core:menu_inst|text_display_single:text_module_single|color_out[0..3,6]                                                                 ; Stuck at GND due to stuck port data_in                                                                                ;
; game_fsm:game|Game_Over_core:game_over_inst|vga_driver:vga_ctrl|red_reg[6]                                                                                 ; Stuck at GND due to stuck port data_in                                                                                ;
; game_fsm:game|Menu_Core:menu_inst|text_display_multi:text_module_multi|color_out[0..3,6]                                                                   ; Stuck at GND due to stuck port data_in                                                                                ;
; game_fsm:game|Game_Over_core:game_over_inst|vga_background:bg_module|color_out[5,7]                                                                        ; Merged with game_fsm:game|Game_Over_core:game_over_inst|vga_background:bg_module|color_out[4]                         ;
; game_fsm:game|Menu_Core:menu_inst|vga_background:bg_module|color_out[5,7]                                                                                  ; Merged with game_fsm:game|Menu_Core:menu_inst|vga_background:bg_module|color_out[4]                                   ;
; game_fsm:game|Menu_Core:menu_inst|vga_driver:vga_ctrl|blue_reg[7]                                                                                          ; Merged with game_fsm:game|Menu_Core:menu_inst|vga_driver:vga_ctrl|blue_reg[6]                                         ;
; game_fsm:game|Menu_Core:menu_inst|vga_driver:vga_ctrl|green_reg[5,6]                                                                                       ; Merged with game_fsm:game|Menu_Core:menu_inst|vga_driver:vga_ctrl|blue_reg[6]                                         ;
; game_fsm:game|Menu_Core:menu_inst|vga_driver:vga_ctrl|red_reg[6]                                                                                           ; Merged with game_fsm:game|Menu_Core:menu_inst|vga_driver:vga_ctrl|blue_reg[6]                                         ;
; game_fsm:game|game_core:game_inst|vga_driver:vga|blue_reg[7]                                                                                               ; Merged with game_fsm:game|game_core:game_inst|vga_driver:vga|blue_reg[6]                                              ;
; game_fsm:game|Game_Over_core:game_over_inst|vga_driver:vga_ctrl|blue_reg[7]                                                                                ; Merged with game_fsm:game|Game_Over_core:game_over_inst|vga_driver:vga_ctrl|blue_reg[6]                               ;
; game_fsm:game|game_core:game_inst|vga_driver:vga|green_reg[6]                                                                                              ; Merged with game_fsm:game|game_core:game_inst|vga_driver:vga|green_reg[5]                                             ;
; game_fsm:game|Game_Over_core:game_over_inst|vga_driver:vga_ctrl|green_reg[6]                                                                               ; Merged with game_fsm:game|Game_Over_core:game_over_inst|vga_driver:vga_ctrl|green_reg[5]                              ;
; game_fsm:game|Menu_Core:menu_inst|vga_driver:vga_ctrl|red_reg[5,7]                                                                                         ; Merged with game_fsm:game|Menu_Core:menu_inst|vga_driver:vga_ctrl|green_reg[7]                                        ;
; game_fsm:game|game_core:game_inst|vga_driver:vga|red_reg[7]                                                                                                ; Merged with game_fsm:game|game_core:game_inst|vga_driver:vga|red_reg[5]                                               ;
; game_fsm:game|Game_Over_core:game_over_inst|vga_driver:vga_ctrl|red_reg[7]                                                                                 ; Merged with game_fsm:game|Game_Over_core:game_over_inst|vga_driver:vga_ctrl|red_reg[5]                                ;
; game_fsm:game|Menu_Core:menu_inst|text_display_start:text_module_start|color_out[1..3,6]                                                                   ; Merged with game_fsm:game|Menu_Core:menu_inst|text_display_start:text_module_start|color_out[0]                       ;
; game_fsm:game|Game_Over_core:game_over_inst|text_display_player_wins:text_module_player_wins|color_out[1]                                                  ; Merged with game_fsm:game|Game_Over_core:game_over_inst|text_display_player_wins:text_module_player_wins|color_out[0] ;
; game_fsm:game|Menu_Core:menu_inst|Clock_Divider:clk_div_inst|prev_bypass                                                                                   ; Merged with CPU_logic:cpu|Clock_Divider:clock_cpu|prev_bypass                                                         ;
; game_fsm:game|game_core:game_inst|Clock_Divider:clock_vga|Counter:count_inst|counter[31]                                                                   ; Merged with game_fsm:game|Game_Over_core:game_over_inst|Clock_Divider:clk_div_inst|Counter:count_inst|counter[31]     ;
; game_fsm:game|game_core:game_inst|Clock_Divider:clock_vga|Counter:count_inst|counter[30]                                                                   ; Merged with game_fsm:game|Game_Over_core:game_over_inst|Clock_Divider:clk_div_inst|Counter:count_inst|counter[30]     ;
; game_fsm:game|game_core:game_inst|Clock_Divider:clock_vga|Counter:count_inst|counter[29]                                                                   ; Merged with game_fsm:game|Game_Over_core:game_over_inst|Clock_Divider:clk_div_inst|Counter:count_inst|counter[29]     ;
; game_fsm:game|game_core:game_inst|Clock_Divider:clock_vga|Counter:count_inst|counter[28]                                                                   ; Merged with game_fsm:game|Game_Over_core:game_over_inst|Clock_Divider:clk_div_inst|Counter:count_inst|counter[28]     ;
; game_fsm:game|game_core:game_inst|Clock_Divider:clock_vga|Counter:count_inst|counter[27]                                                                   ; Merged with game_fsm:game|Game_Over_core:game_over_inst|Clock_Divider:clk_div_inst|Counter:count_inst|counter[27]     ;
; game_fsm:game|game_core:game_inst|Clock_Divider:clock_vga|Counter:count_inst|counter[26]                                                                   ; Merged with game_fsm:game|Game_Over_core:game_over_inst|Clock_Divider:clk_div_inst|Counter:count_inst|counter[26]     ;
; game_fsm:game|game_core:game_inst|Clock_Divider:clock_vga|Counter:count_inst|counter[25]                                                                   ; Merged with game_fsm:game|Game_Over_core:game_over_inst|Clock_Divider:clk_div_inst|Counter:count_inst|counter[25]     ;
; game_fsm:game|game_core:game_inst|Clock_Divider:clock_vga|Counter:count_inst|counter[24]                                                                   ; Merged with game_fsm:game|Game_Over_core:game_over_inst|Clock_Divider:clk_div_inst|Counter:count_inst|counter[24]     ;
; game_fsm:game|game_core:game_inst|Clock_Divider:clock_vga|Counter:count_inst|counter[23]                                                                   ; Merged with game_fsm:game|Game_Over_core:game_over_inst|Clock_Divider:clk_div_inst|Counter:count_inst|counter[23]     ;
; game_fsm:game|game_core:game_inst|Clock_Divider:clock_vga|Counter:count_inst|counter[22]                                                                   ; Merged with game_fsm:game|Game_Over_core:game_over_inst|Clock_Divider:clk_div_inst|Counter:count_inst|counter[22]     ;
; game_fsm:game|game_core:game_inst|Clock_Divider:clock_vga|Counter:count_inst|counter[21]                                                                   ; Merged with game_fsm:game|Game_Over_core:game_over_inst|Clock_Divider:clk_div_inst|Counter:count_inst|counter[21]     ;
; game_fsm:game|game_core:game_inst|Clock_Divider:clock_vga|Counter:count_inst|counter[20]                                                                   ; Merged with game_fsm:game|Game_Over_core:game_over_inst|Clock_Divider:clk_div_inst|Counter:count_inst|counter[20]     ;
; game_fsm:game|game_core:game_inst|Clock_Divider:clock_vga|Counter:count_inst|counter[19]                                                                   ; Merged with game_fsm:game|Game_Over_core:game_over_inst|Clock_Divider:clk_div_inst|Counter:count_inst|counter[19]     ;
; game_fsm:game|game_core:game_inst|Clock_Divider:clock_vga|Counter:count_inst|counter[18]                                                                   ; Merged with game_fsm:game|Game_Over_core:game_over_inst|Clock_Divider:clk_div_inst|Counter:count_inst|counter[18]     ;
; game_fsm:game|game_core:game_inst|Clock_Divider:clock_vga|Counter:count_inst|counter[17]                                                                   ; Merged with game_fsm:game|Game_Over_core:game_over_inst|Clock_Divider:clk_div_inst|Counter:count_inst|counter[17]     ;
; game_fsm:game|game_core:game_inst|Clock_Divider:clock_vga|Counter:count_inst|counter[16]                                                                   ; Merged with game_fsm:game|Game_Over_core:game_over_inst|Clock_Divider:clk_div_inst|Counter:count_inst|counter[16]     ;
; game_fsm:game|game_core:game_inst|Clock_Divider:clock_vga|Counter:count_inst|counter[15]                                                                   ; Merged with game_fsm:game|Game_Over_core:game_over_inst|Clock_Divider:clk_div_inst|Counter:count_inst|counter[15]     ;
; game_fsm:game|game_core:game_inst|Clock_Divider:clock_vga|Counter:count_inst|counter[14]                                                                   ; Merged with game_fsm:game|Game_Over_core:game_over_inst|Clock_Divider:clk_div_inst|Counter:count_inst|counter[14]     ;
; game_fsm:game|game_core:game_inst|Clock_Divider:clock_vga|Counter:count_inst|counter[13]                                                                   ; Merged with game_fsm:game|Game_Over_core:game_over_inst|Clock_Divider:clk_div_inst|Counter:count_inst|counter[13]     ;
; game_fsm:game|game_core:game_inst|Clock_Divider:clock_vga|Counter:count_inst|counter[12]                                                                   ; Merged with game_fsm:game|Game_Over_core:game_over_inst|Clock_Divider:clk_div_inst|Counter:count_inst|counter[12]     ;
; game_fsm:game|game_core:game_inst|Clock_Divider:clock_vga|Counter:count_inst|counter[11]                                                                   ; Merged with game_fsm:game|Game_Over_core:game_over_inst|Clock_Divider:clk_div_inst|Counter:count_inst|counter[11]     ;
; game_fsm:game|game_core:game_inst|Clock_Divider:clock_vga|Counter:count_inst|counter[10]                                                                   ; Merged with game_fsm:game|Game_Over_core:game_over_inst|Clock_Divider:clk_div_inst|Counter:count_inst|counter[10]     ;
; game_fsm:game|game_core:game_inst|Clock_Divider:clock_vga|Counter:count_inst|counter[9]                                                                    ; Merged with game_fsm:game|Game_Over_core:game_over_inst|Clock_Divider:clk_div_inst|Counter:count_inst|counter[9]      ;
; game_fsm:game|game_core:game_inst|Clock_Divider:clock_vga|Counter:count_inst|counter[8]                                                                    ; Merged with game_fsm:game|Game_Over_core:game_over_inst|Clock_Divider:clk_div_inst|Counter:count_inst|counter[8]      ;
; game_fsm:game|game_core:game_inst|Clock_Divider:clock_vga|Counter:count_inst|counter[7]                                                                    ; Merged with game_fsm:game|Game_Over_core:game_over_inst|Clock_Divider:clk_div_inst|Counter:count_inst|counter[7]      ;
; game_fsm:game|game_core:game_inst|Clock_Divider:clock_vga|Counter:count_inst|counter[6]                                                                    ; Merged with game_fsm:game|Game_Over_core:game_over_inst|Clock_Divider:clk_div_inst|Counter:count_inst|counter[6]      ;
; game_fsm:game|game_core:game_inst|Clock_Divider:clock_vga|Counter:count_inst|counter[5]                                                                    ; Merged with game_fsm:game|Game_Over_core:game_over_inst|Clock_Divider:clk_div_inst|Counter:count_inst|counter[5]      ;
; game_fsm:game|game_core:game_inst|Clock_Divider:clock_vga|Counter:count_inst|counter[4]                                                                    ; Merged with game_fsm:game|Game_Over_core:game_over_inst|Clock_Divider:clk_div_inst|Counter:count_inst|counter[4]      ;
; game_fsm:game|game_core:game_inst|Clock_Divider:clock_vga|Counter:count_inst|counter[3]                                                                    ; Merged with game_fsm:game|Game_Over_core:game_over_inst|Clock_Divider:clk_div_inst|Counter:count_inst|counter[3]      ;
; game_fsm:game|game_core:game_inst|Clock_Divider:clock_vga|Counter:count_inst|counter[2]                                                                    ; Merged with game_fsm:game|Game_Over_core:game_over_inst|Clock_Divider:clk_div_inst|Counter:count_inst|counter[2]      ;
; game_fsm:game|game_core:game_inst|Clock_Divider:clock_vga|Counter:count_inst|counter[1]                                                                    ; Merged with game_fsm:game|Game_Over_core:game_over_inst|Clock_Divider:clk_div_inst|Counter:count_inst|counter[1]      ;
; game_fsm:game|game_core:game_inst|Clock_Divider:clock_vga|Counter:count_inst|counter[0]                                                                    ; Merged with game_fsm:game|Game_Over_core:game_over_inst|Clock_Divider:clk_div_inst|Counter:count_inst|counter[0]      ;
; game_fsm:game|Game_Over_core:game_over_inst|text_display_player_wins:text_module_player_wins|color_out[3]                                                  ; Merged with game_fsm:game|Game_Over_core:game_over_inst|text_display_player_wins:text_module_player_wins|color_out[2] ;
; game_fsm:game|Menu_Core:menu_inst|text_display_start:text_module_start|color_out[5,7]                                                                      ; Merged with game_fsm:game|Menu_Core:menu_inst|text_display_start:text_module_start|color_out[4]                       ;
; game_fsm:game|Game_Over_core:game_over_inst|text_display_player_wins:text_module_player_wins|color_out[7]                                                  ; Merged with game_fsm:game|Game_Over_core:game_over_inst|text_display_player_wins:text_module_player_wins|color_out[5] ;
; game_fsm:game|Menu_Core:menu_inst|selection_arrow:arrow_module|color_out[1..3,6]                                                                           ; Merged with game_fsm:game|Menu_Core:menu_inst|selection_arrow:arrow_module|color_out[0]                               ;
; game_fsm:game|game_core:game_inst|Clock_Divider:clock_vga|control[0]                                                                                       ; Merged with game_fsm:game|Game_Over_core:game_over_inst|Clock_Divider:clk_div_inst|control[0]                         ;
; game_fsm:game|Menu_Core:menu_inst|selection_arrow:arrow_module|color_out[5,7]                                                                              ; Merged with game_fsm:game|Menu_Core:menu_inst|selection_arrow:arrow_module|color_out[4]                               ;
; game_fsm:game|Game_Over_core:game_over_inst|text_display_game_over:text_module_game_over|color_out[5,7]                                                    ; Merged with game_fsm:game|Game_Over_core:game_over_inst|text_display_game_over:text_module_game_over|color_out[4]     ;
; game_fsm:game|Menu_Core:menu_inst|text_display_multi:text_module_multi|color_out[5,7]                                                                      ; Merged with game_fsm:game|Menu_Core:menu_inst|text_display_multi:text_module_multi|color_out[4]                       ;
; game_fsm:game|Menu_Core:menu_inst|text_display_single:text_module_single|color_out[5,7]                                                                    ; Merged with game_fsm:game|Menu_Core:menu_inst|text_display_single:text_module_single|color_out[4]                     ;
; game_fsm:game|Menu_Core:menu_inst|text_display_shadow:text_module_shadow|color_out[5,7]                                                                    ; Merged with game_fsm:game|Menu_Core:menu_inst|text_display_shadow:text_module_shadow|color_out[4]                     ;
; game_fsm:game|current_state[2]                                                                                                                             ; Stuck at GND due to stuck port data_in                                                                                ;
; game_fsm:game|Game_Over_core:game_over_inst|vga_driver:vga_ctrl|v_state~5                                                                                  ; Lost fanout                                                                                                           ;
; game_fsm:game|Game_Over_core:game_over_inst|vga_driver:vga_ctrl|v_state~6                                                                                  ; Lost fanout                                                                                                           ;
; game_fsm:game|Game_Over_core:game_over_inst|vga_driver:vga_ctrl|v_state~7                                                                                  ; Lost fanout                                                                                                           ;
; game_fsm:game|Game_Over_core:game_over_inst|vga_driver:vga_ctrl|v_state~8                                                                                  ; Lost fanout                                                                                                           ;
; game_fsm:game|Game_Over_core:game_over_inst|vga_driver:vga_ctrl|v_state~9                                                                                  ; Lost fanout                                                                                                           ;
; game_fsm:game|Game_Over_core:game_over_inst|vga_driver:vga_ctrl|v_state~10                                                                                 ; Lost fanout                                                                                                           ;
; game_fsm:game|Game_Over_core:game_over_inst|vga_driver:vga_ctrl|v_state~11                                                                                 ; Lost fanout                                                                                                           ;
; game_fsm:game|Game_Over_core:game_over_inst|vga_driver:vga_ctrl|v_state~12                                                                                 ; Lost fanout                                                                                                           ;
; game_fsm:game|Game_Over_core:game_over_inst|vga_driver:vga_ctrl|h_state~5                                                                                  ; Lost fanout                                                                                                           ;
; game_fsm:game|Game_Over_core:game_over_inst|vga_driver:vga_ctrl|h_state~6                                                                                  ; Lost fanout                                                                                                           ;
; game_fsm:game|Game_Over_core:game_over_inst|vga_driver:vga_ctrl|h_state~7                                                                                  ; Lost fanout                                                                                                           ;
; game_fsm:game|Game_Over_core:game_over_inst|vga_driver:vga_ctrl|h_state~8                                                                                  ; Lost fanout                                                                                                           ;
; game_fsm:game|Game_Over_core:game_over_inst|vga_driver:vga_ctrl|h_state~9                                                                                  ; Lost fanout                                                                                                           ;
; game_fsm:game|Game_Over_core:game_over_inst|vga_driver:vga_ctrl|h_state~10                                                                                 ; Lost fanout                                                                                                           ;
; game_fsm:game|Game_Over_core:game_over_inst|vga_driver:vga_ctrl|h_state~11                                                                                 ; Lost fanout                                                                                                           ;
; game_fsm:game|Game_Over_core:game_over_inst|vga_driver:vga_ctrl|h_state~12                                                                                 ; Lost fanout                                                                                                           ;
; game_fsm:game|game_core:game_inst|vga_driver:vga|v_state~5                                                                                                 ; Lost fanout                                                                                                           ;
; game_fsm:game|game_core:game_inst|vga_driver:vga|v_state~6                                                                                                 ; Lost fanout                                                                                                           ;
; game_fsm:game|game_core:game_inst|vga_driver:vga|v_state~7                                                                                                 ; Lost fanout                                                                                                           ;
; game_fsm:game|game_core:game_inst|vga_driver:vga|v_state~8                                                                                                 ; Lost fanout                                                                                                           ;
; game_fsm:game|game_core:game_inst|vga_driver:vga|v_state~9                                                                                                 ; Lost fanout                                                                                                           ;
; game_fsm:game|game_core:game_inst|vga_driver:vga|v_state~10                                                                                                ; Lost fanout                                                                                                           ;
; game_fsm:game|game_core:game_inst|vga_driver:vga|v_state~11                                                                                                ; Lost fanout                                                                                                           ;
; game_fsm:game|game_core:game_inst|vga_driver:vga|v_state~12                                                                                                ; Lost fanout                                                                                                           ;
; game_fsm:game|game_core:game_inst|vga_driver:vga|h_state~5                                                                                                 ; Lost fanout                                                                                                           ;
; game_fsm:game|game_core:game_inst|vga_driver:vga|h_state~6                                                                                                 ; Lost fanout                                                                                                           ;
; game_fsm:game|game_core:game_inst|vga_driver:vga|h_state~7                                                                                                 ; Lost fanout                                                                                                           ;
; game_fsm:game|game_core:game_inst|vga_driver:vga|h_state~8                                                                                                 ; Lost fanout                                                                                                           ;
; game_fsm:game|game_core:game_inst|vga_driver:vga|h_state~9                                                                                                 ; Lost fanout                                                                                                           ;
; game_fsm:game|game_core:game_inst|vga_driver:vga|h_state~10                                                                                                ; Lost fanout                                                                                                           ;
; game_fsm:game|game_core:game_inst|vga_driver:vga|h_state~11                                                                                                ; Lost fanout                                                                                                           ;
; game_fsm:game|game_core:game_inst|vga_driver:vga|h_state~12                                                                                                ; Lost fanout                                                                                                           ;
; game_fsm:game|Menu_Core:menu_inst|vga_driver:vga_ctrl|v_state~5                                                                                            ; Lost fanout                                                                                                           ;
; game_fsm:game|Menu_Core:menu_inst|vga_driver:vga_ctrl|v_state~6                                                                                            ; Lost fanout                                                                                                           ;
; game_fsm:game|Menu_Core:menu_inst|vga_driver:vga_ctrl|v_state~7                                                                                            ; Lost fanout                                                                                                           ;
; game_fsm:game|Menu_Core:menu_inst|vga_driver:vga_ctrl|v_state~8                                                                                            ; Lost fanout                                                                                                           ;
; game_fsm:game|Menu_Core:menu_inst|vga_driver:vga_ctrl|v_state~9                                                                                            ; Lost fanout                                                                                                           ;
; game_fsm:game|Menu_Core:menu_inst|vga_driver:vga_ctrl|v_state~10                                                                                           ; Lost fanout                                                                                                           ;
; game_fsm:game|Menu_Core:menu_inst|vga_driver:vga_ctrl|v_state~11                                                                                           ; Lost fanout                                                                                                           ;
; game_fsm:game|Menu_Core:menu_inst|vga_driver:vga_ctrl|v_state~12                                                                                           ; Lost fanout                                                                                                           ;
; game_fsm:game|Menu_Core:menu_inst|vga_driver:vga_ctrl|h_state~5                                                                                            ; Lost fanout                                                                                                           ;
; game_fsm:game|Menu_Core:menu_inst|vga_driver:vga_ctrl|h_state~6                                                                                            ; Lost fanout                                                                                                           ;
; game_fsm:game|Menu_Core:menu_inst|vga_driver:vga_ctrl|h_state~7                                                                                            ; Lost fanout                                                                                                           ;
; game_fsm:game|Menu_Core:menu_inst|vga_driver:vga_ctrl|h_state~8                                                                                            ; Lost fanout                                                                                                           ;
; game_fsm:game|Menu_Core:menu_inst|vga_driver:vga_ctrl|h_state~9                                                                                            ; Lost fanout                                                                                                           ;
; game_fsm:game|Menu_Core:menu_inst|vga_driver:vga_ctrl|h_state~10                                                                                           ; Lost fanout                                                                                                           ;
; game_fsm:game|Menu_Core:menu_inst|vga_driver:vga_ctrl|h_state~11                                                                                           ; Lost fanout                                                                                                           ;
; game_fsm:game|Menu_Core:menu_inst|vga_driver:vga_ctrl|h_state~12                                                                                           ; Lost fanout                                                                                                           ;
; game_fsm:game|game_core:game_inst|Sprite_FSM:fsm_p2|frame_counter[4,5]                                                                                     ; Stuck at GND due to stuck port data_in                                                                                ;
; Total Number of Removed Registers = 237                                                                                                                    ;                                                                                                                       ;
+------------------------------------------------------------------------------------------------------------------------------------------------------------+-----------------------------------------------------------------------------------------------------------------------+


+----------------------------------------------------------------------------------------------------------------------------------------------------------------------------------------------------------------------------+
; Removed Registers Triggering Further Register Optimizations                                                                                                                                                                ;
+-----------------------------------------------------------------------------------+---------------------------+------------------------------------------------------------------------------------------------------------+
; Register name                                                                     ; Reason for Removal        ; Registers Removed due to This Register                                                                     ;
+-----------------------------------------------------------------------------------+---------------------------+------------------------------------------------------------------------------------------------------------+
; game_fsm:game|Game_Over_core:game_over_inst|vga_background:bg_module|color_out[6] ; Stuck at GND              ; game_fsm:game|Game_Over_core:game_over_inst|text_display_game_over:text_module_game_over|color_out[6],     ;
;                                                                                   ; due to stuck port data_in ; game_fsm:game|Game_Over_core:game_over_inst|text_display_player_wins:text_module_player_wins|color_out[6], ;
;                                                                                   ;                           ; game_fsm:game|Game_Over_core:game_over_inst|vga_driver:vga_ctrl|red_reg[6]                                 ;
; game_fsm:game|Menu_Core:menu_inst|vga_background:bg_module|color_out[0]           ; Stuck at GND              ; game_fsm:game|Menu_Core:menu_inst|text_display_shadow:text_module_shadow|color_out[0],                     ;
;                                                                                   ; due to stuck port data_in ; game_fsm:game|Menu_Core:menu_inst|text_display_single:text_module_single|color_out[0],                     ;
;                                                                                   ;                           ; game_fsm:game|Menu_Core:menu_inst|text_display_multi:text_module_multi|color_out[0]                        ;
; game_fsm:game|Menu_Core:menu_inst|vga_background:bg_module|color_out[1]           ; Stuck at GND              ; game_fsm:game|Menu_Core:menu_inst|text_display_shadow:text_module_shadow|color_out[1],                     ;
;                                                                                   ; due to stuck port data_in ; game_fsm:game|Menu_Core:menu_inst|text_display_single:text_module_single|color_out[1],                     ;
;                                                                                   ;                           ; game_fsm:game|Menu_Core:menu_inst|text_display_multi:text_module_multi|color_out[1]                        ;
; game_fsm:game|Menu_Core:menu_inst|vga_background:bg_module|color_out[2]           ; Stuck at GND              ; game_fsm:game|Menu_Core:menu_inst|text_display_shadow:text_module_shadow|color_out[2],                     ;
;                                                                                   ; due to stuck port data_in ; game_fsm:game|Menu_Core:menu_inst|text_display_single:text_module_single|color_out[2],                     ;
;                                                                                   ;                           ; game_fsm:game|Menu_Core:menu_inst|text_display_multi:text_module_multi|color_out[2]                        ;
; game_fsm:game|Menu_Core:menu_inst|vga_background:bg_module|color_out[3]           ; Stuck at GND              ; game_fsm:game|Menu_Core:menu_inst|text_display_shadow:text_module_shadow|color_out[3],                     ;
;                                                                                   ; due to stuck port data_in ; game_fsm:game|Menu_Core:menu_inst|text_display_single:text_module_single|color_out[3],                     ;
;                                                                                   ;                           ; game_fsm:game|Menu_Core:menu_inst|text_display_multi:text_module_multi|color_out[3]                        ;
; game_fsm:game|Menu_Core:menu_inst|vga_background:bg_module|color_out[6]           ; Stuck at GND              ; game_fsm:game|Menu_Core:menu_inst|text_display_shadow:text_module_shadow|color_out[6],                     ;
;                                                                                   ; due to stuck port data_in ; game_fsm:game|Menu_Core:menu_inst|text_display_single:text_module_single|color_out[6],                     ;
;                                                                                   ;                           ; game_fsm:game|Menu_Core:menu_inst|text_display_multi:text_module_multi|color_out[6]                        ;
; game_fsm:game|Game_Over_core:game_over_inst|vga_background:bg_module|color_out[0] ; Stuck at GND              ; game_fsm:game|Game_Over_core:game_over_inst|text_display_game_over:text_module_game_over|color_out[0]      ;
;                                                                                   ; due to stuck port data_in ;                                                                                                            ;
; game_fsm:game|Game_Over_core:game_over_inst|vga_background:bg_module|color_out[1] ; Stuck at GND              ; game_fsm:game|Game_Over_core:game_over_inst|text_display_game_over:text_module_game_over|color_out[1]      ;
;                                                                                   ; due to stuck port data_in ;                                                                                                            ;
; game_fsm:game|Game_Over_core:game_over_inst|vga_background:bg_module|color_out[2] ; Stuck at GND              ; game_fsm:game|Game_Over_core:game_over_inst|text_display_game_over:text_module_game_over|color_out[2]      ;
;                                                                                   ; due to stuck port data_in ;                                                                                                            ;
; game_fsm:game|Game_Over_core:game_over_inst|vga_background:bg_module|color_out[3] ; Stuck at GND              ; game_fsm:game|Game_Over_core:game_over_inst|text_display_game_over:text_module_game_over|color_out[3]      ;
;                                                                                   ; due to stuck port data_in ;                                                                                                            ;
+-----------------------------------------------------------------------------------+---------------------------+------------------------------------------------------------------------------------------------------------+


+------------------------------------------------------+
; General Register Statistics                          ;
+----------------------------------------------+-------+
; Statistic                                    ; Value ;
+----------------------------------------------+-------+
; Total registers                              ; 411   ;
; Number of registers using Synchronous Clear  ; 269   ;
; Number of registers using Synchronous Load   ; 5     ;
; Number of registers using Asynchronous Clear ; 37    ;
; Number of registers using Asynchronous Load  ; 0     ;
; Number of registers using Clock Enable       ; 57    ;
; Number of registers using Preset             ; 0     ;
+----------------------------------------------+-------+


+------------------------------------------------------------------------------------+
; Inverted Register Statistics                                                       ;
+--------------------------------------------------------------------------+---------+
; Inverted Register                                                        ; Fan out ;
+--------------------------------------------------------------------------+---------+
; game_fsm:game|game_core:game_inst|Health_Block:health_block_p2|health[1] ; 10      ;
; game_fsm:game|game_core:game_inst|Health_Block:health_block_p2|health[0] ; 10      ;
; game_fsm:game|game_core:game_inst|Health_Block:health_block_p1|health[1] ; 9       ;
; game_fsm:game|game_core:game_inst|Health_Block:health_block_p1|health[0] ; 9       ;
; game_fsm:game|game_core:game_inst|Sprite_renderer:render1|sprite_x[2]    ; 15      ;
; game_fsm:game|game_core:game_inst|Sprite_renderer:render1|sprite_x[6]    ; 33      ;
; game_fsm:game|game_core:game_inst|Sprite_renderer:render1|sprite_x[5]    ; 16      ;
; game_fsm:game|game_core:game_inst|Sprite_renderer:render2|sprite_x[2]    ; 18      ;
; game_fsm:game|game_core:game_inst|Sprite_renderer:render2|sprite_x[8]    ; 14      ;
; game_fsm:game|game_core:game_inst|Sprite_renderer:render2|sprite_x[3]    ; 15      ;
; game_fsm:game|game_core:game_inst|Sprite_renderer:render2|sprite_x[4]    ; 17      ;
; game_fsm:game|game_core:game_inst|Sprite_renderer:render2|sprite_x[7]    ; 19      ;
; game_fsm:game|game_core:game_inst|Sprite_renderer:render2|sprite_x[6]    ; 20      ;
; game_fsm:game|game_core:game_inst|Health_Block:health_block_p2|block[1]  ; 4       ;
; game_fsm:game|game_core:game_inst|Health_Block:health_block_p2|block[0]  ; 5       ;
; game_fsm:game|game_core:game_inst|Health_Block:health_block_p1|block[0]  ; 5       ;
; game_fsm:game|game_core:game_inst|Health_Block:health_block_p1|block[1]  ; 5       ;
; Total number of inverted registers = 17                                  ;         ;
+--------------------------------------------------------------------------+---------+


+-----------------------------------------------------------------------------------------------------------------------------------------------------------------------------------------------------------------+
; Multiplexer Restructuring Statistics (Restructuring Performed)                                                                                                                                                  ;
+--------------------+-----------+---------------+----------------------+------------------------+------------+---------------------------------------------------------------------------------------------------+
; Multiplexer Inputs ; Bus Width ; Baseline Area ; Area if Restructured ; Saving if Restructured ; Registered ; Example Multiplexer Output                                                                        ;
+--------------------+-----------+---------------+----------------------+------------------------+------------+---------------------------------------------------------------------------------------------------+
; 3:1                ; 4 bits    ; 8 LEs         ; 8 LEs                ; 0 LEs                  ; Yes        ; |FPGA_Footsies_Final|game_fsm:game|Game_Over_core:game_over_inst|vga_driver:vga_ctrl|blue_reg[6]  ;
; 3:1                ; 2 bits    ; 4 LEs         ; 4 LEs                ; 0 LEs                  ; Yes        ; |FPGA_Footsies_Final|game_fsm:game|Menu_Core:menu_inst|vga_driver:vga_ctrl|blue_reg[6]            ;
; 9:1                ; 2 bits    ; 12 LEs        ; 4 LEs                ; 8 LEs                  ; Yes        ; |FPGA_Footsies_Final|game_fsm:game|current_state[1]                                               ;
; 5:1                ; 3 bits    ; 9 LEs         ; 3 LEs                ; 6 LEs                  ; Yes        ; |FPGA_Footsies_Final|game_fsm:game|game_core:game_inst|Sprite_renderer:render2|sprite_x[1]        ;
; 5:1                ; 6 bits    ; 18 LEs        ; 6 LEs                ; 12 LEs                 ; Yes        ; |FPGA_Footsies_Final|game_fsm:game|game_core:game_inst|Sprite_renderer:render1|sprite_x[9]        ;
; 9:1                ; 10 bits   ; 60 LEs        ; 0 LEs                ; 60 LEs                 ; Yes        ; |FPGA_Footsies_Final|game_fsm:game|Game_Over_core:game_over_inst|vga_driver:vga_ctrl|v_counter[1] ;
; 9:1                ; 10 bits   ; 60 LEs        ; 0 LEs                ; 60 LEs                 ; Yes        ; |FPGA_Footsies_Final|game_fsm:game|Game_Over_core:game_over_inst|vga_driver:vga_ctrl|h_counter[1] ;
; 9:1                ; 10 bits   ; 60 LEs        ; 0 LEs                ; 60 LEs                 ; Yes        ; |FPGA_Footsies_Final|game_fsm:game|game_core:game_inst|vga_driver:vga|v_counter[4]                ;
; 9:1                ; 10 bits   ; 60 LEs        ; 0 LEs                ; 60 LEs                 ; Yes        ; |FPGA_Footsies_Final|game_fsm:game|game_core:game_inst|vga_driver:vga|h_counter[9]                ;
; 9:1                ; 10 bits   ; 60 LEs        ; 0 LEs                ; 60 LEs                 ; Yes        ; |FPGA_Footsies_Final|game_fsm:game|Menu_Core:menu_inst|vga_driver:vga_ctrl|v_counter[2]           ;
; 9:1                ; 10 bits   ; 60 LEs        ; 0 LEs                ; 60 LEs                 ; Yes        ; |FPGA_Footsies_Final|game_fsm:game|Menu_Core:menu_inst|vga_driver:vga_ctrl|h_counter[6]           ;
; 25:1               ; 6 bits    ; 96 LEs        ; 24 LEs               ; 72 LEs                 ; Yes        ; |FPGA_Footsies_Final|game_fsm:game|game_core:game_inst|Sprite_FSM:fsm_p2|frame_counter[5]         ;
; 25:1               ; 6 bits    ; 96 LEs        ; 24 LEs               ; 72 LEs                 ; Yes        ; |FPGA_Footsies_Final|game_fsm:game|game_core:game_inst|Sprite_FSM:fsm_p1|frame_counter[5]         ;
; 3:1                ; 2 bits    ; 4 LEs         ; 2 LEs                ; 2 LEs                  ; Yes        ; |FPGA_Footsies_Final|game_fsm:game|game_core:game_inst|Health_Block:health_block_p2|health[0]     ;
; 3:1                ; 2 bits    ; 4 LEs         ; 2 LEs                ; 2 LEs                  ; Yes        ; |FPGA_Footsies_Final|game_fsm:game|game_core:game_inst|Health_Block:health_block_p1|health[1]     ;
; 3:1                ; 2 bits    ; 4 LEs         ; 2 LEs                ; 2 LEs                  ; Yes        ; |FPGA_Footsies_Final|game_fsm:game|game_core:game_inst|Health_Block:health_block_p2|block[0]      ;
; 3:1                ; 2 bits    ; 4 LEs         ; 2 LEs                ; 2 LEs                  ; Yes        ; |FPGA_Footsies_Final|game_fsm:game|game_core:game_inst|Health_Block:health_block_p1|block[1]      ;
; 5:1                ; 6 bits    ; 18 LEs        ; 6 LEs                ; 12 LEs                 ; Yes        ; |FPGA_Footsies_Final|game_fsm:game|game_core:game_inst|Sprite_renderer:render2|sprite_x[8]        ;
; 5:1                ; 3 bits    ; 9 LEs         ; 3 LEs                ; 6 LEs                  ; Yes        ; |FPGA_Footsies_Final|game_fsm:game|game_core:game_inst|Sprite_renderer:render1|sprite_x[2]        ;
; 3:1                ; 18 bits   ; 36 LEs        ; 36 LEs               ; 0 LEs                  ; No         ; |FPGA_Footsies_Final|game_fsm:game|game_core:game_inst|Sprite_boxes:boxes2|Mux4                   ;
; 4:1                ; 9 bits    ; 18 LEs        ; 18 LEs               ; 0 LEs                  ; No         ; |FPGA_Footsies_Final|game_fsm:game|game_core:game_inst|Sprite_boxes:boxes2|Selector30             ;
; 3:1                ; 18 bits   ; 36 LEs        ; 36 LEs               ; 0 LEs                  ; No         ; |FPGA_Footsies_Final|game_fsm:game|game_core:game_inst|Sprite_boxes:boxes1|Mux5                   ;
; 4:1                ; 9 bits    ; 18 LEs        ; 18 LEs               ; 0 LEs                  ; No         ; |FPGA_Footsies_Final|game_fsm:game|game_core:game_inst|Sprite_boxes:boxes1|Selector39             ;
; 5:1                ; 4 bits    ; 12 LEs        ; 8 LEs                ; 4 LEs                  ; No         ; |FPGA_Footsies_Final|game_fsm:game|Mux18                                                          ;
; 8:1                ; 4 bits    ; 20 LEs        ; 8 LEs                ; 12 LEs                 ; No         ; |FPGA_Footsies_Final|game_fsm:game|Mux3                                                           ;
; 7:1                ; 9 bits    ; 36 LEs        ; 36 LEs               ; 0 LEs                  ; No         ; |FPGA_Footsies_Final|game_fsm:game|game_core:game_inst|Sprite_boxes:boxes2|Mux7                   ;
; 16:1               ; 10 bits   ; 100 LEs       ; 40 LEs               ; 60 LEs                 ; No         ; |FPGA_Footsies_Final|game_fsm:game|game_core:game_inst|Sprite_boxes:boxes2|Selector2              ;
; 7:1                ; 9 bits    ; 36 LEs        ; 36 LEs               ; 0 LEs                  ; No         ; |FPGA_Footsies_Final|game_fsm:game|game_core:game_inst|Sprite_boxes:boxes1|Mux6                   ;
; 16:1               ; 10 bits   ; 100 LEs       ; 40 LEs               ; 60 LEs                 ; No         ; |FPGA_Footsies_Final|game_fsm:game|game_core:game_inst|Sprite_boxes:boxes1|Selector0              ;
; 16:1               ; 4 bits    ; 40 LEs        ; 16 LEs               ; 24 LEs                 ; No         ; |FPGA_Footsies_Final|game_fsm:game|game_core:game_inst|Sprite_boxes:boxes1|Mux3                   ;
+--------------------+-----------+---------------+----------------------+------------------------+------------+---------------------------------------------------------------------------------------------------+


+-------------------------------------------------------------------------+
; Parameter Settings for User Entity Instance: Clock_Divider:clk_div_inst ;
+----------------+-------+------------------------------------------------+
; Parameter Name ; Value ; Type                                           ;
+----------------+-------+------------------------------------------------+
; division       ; 2     ; Signed Integer                                 ;
; W              ; 32    ; Signed Integer                                 ;
+----------------+-------+------------------------------------------------+
Note: In order to hide this table in the UI and the text report file, please set the "Show Parameter Settings in Synthesis Report" option in "Analysis and Synthesis Settings -> More Settings" to "Off".


+--------------------------------------------------------------------------------------------+
; Parameter Settings for User Entity Instance: Clock_Divider:clk_div_inst|Counter:count_inst ;
+----------------+-------+-------------------------------------------------------------------+
; Parameter Name ; Value ; Type                                                              ;
+----------------+-------+-------------------------------------------------------------------+
; W              ; 32    ; Signed Integer                                                    ;
+----------------+-------+-------------------------------------------------------------------+
Note: In order to hide this table in the UI and the text report file, please set the "Show Parameter Settings in Synthesis Report" option in "Analysis and Synthesis Settings -> More Settings" to "Off".


+------------------------------------------------------------------------------------+
; Parameter Settings for User Entity Instance: CPU_logic:cpu|Clock_Divider:clock_cpu ;
+----------------+----------+--------------------------------------------------------+
; Parameter Name ; Value    ; Type                                                   ;
+----------------+----------+--------------------------------------------------------+
; division       ; 50000000 ; Signed Integer                                         ;
; W              ; 32       ; Signed Integer                                         ;
+----------------+----------+--------------------------------------------------------+
Note: In order to hide this table in the UI and the text report file, please set the "Show Parameter Settings in Synthesis Report" option in "Analysis and Synthesis Settings -> More Settings" to "Off".


+-------------------------------------------------------------------------------------------------------+
; Parameter Settings for User Entity Instance: CPU_logic:cpu|Clock_Divider:clock_cpu|Counter:count_inst ;
+----------------+-------+------------------------------------------------------------------------------+
; Parameter Name ; Value ; Type                                                                         ;
+----------------+-------+------------------------------------------------------------------------------+
; W              ; 32    ; Signed Integer                                                               ;
+----------------+-------+------------------------------------------------------------------------------+
Note: In order to hide this table in the UI and the text report file, please set the "Show Parameter Settings in Synthesis Report" option in "Analysis and Synthesis Settings -> More Settings" to "Off".


+-------------------------------------------------------------------------------+
; Parameter Settings for User Entity Instance: CPU_logic:cpu|LFSR_16bit:my_lfsr ;
+----------------+-------+------------------------------------------------------+
; Parameter Name ; Value ; Type                                                 ;
+----------------+-------+------------------------------------------------------+
; W              ; 16    ; Signed Integer                                       ;
+----------------+-------+------------------------------------------------------+
Note: In order to hide this table in the UI and the text report file, please set the "Show Parameter Settings in Synthesis Report" option in "Analysis and Synthesis Settings -> More Settings" to "Off".


+----------------------------------------------------------------------------------------------------+
; Parameter Settings for User Entity Instance: CPU_logic:cpu|LFSR_16bit:my_lfsr|Shift_Register:shift ;
+----------------+-------+---------------------------------------------------------------------------+
; Parameter Name ; Value ; Type                                                                      ;
+----------------+-------+---------------------------------------------------------------------------+
; W              ; 16    ; Signed Integer                                                            ;
+----------------+-------+---------------------------------------------------------------------------+
Note: In order to hide this table in the UI and the text report file, please set the "Show Parameter Settings in Synthesis Report" option in "Analysis and Synthesis Settings -> More Settings" to "Off".


+------------------------------------------------------------+
; Parameter Settings for User Entity Instance: game_fsm:game ;
+-----------------+-------+----------------------------------+
; Parameter Name  ; Value ; Type                             ;
+-----------------+-------+----------------------------------+
; MENU_STATE      ; 000   ; Unsigned Binary                  ;
; GAME_STATE      ; 001   ; Unsigned Binary                  ;
; GAME_OVER_STATE ; 010   ; Unsigned Binary                  ;
+-----------------+-------+----------------------------------+
Note: In order to hide this table in the UI and the text report file, please set the "Show Parameter Settings in Synthesis Report" option in "Analysis and Synthesis Settings -> More Settings" to "Off".


+-----------------------------------------------------------------------------------------------------------+
; Parameter Settings for User Entity Instance: game_fsm:game|Menu_Core:menu_inst|Clock_Divider:clk_div_inst ;
+----------------+-------+----------------------------------------------------------------------------------+
; Parameter Name ; Value ; Type                                                                             ;
+----------------+-------+----------------------------------------------------------------------------------+
; division       ; 2     ; Signed Integer                                                                   ;
; W              ; 32    ; Signed Integer                                                                   ;
+----------------+-------+----------------------------------------------------------------------------------+
Note: In order to hide this table in the UI and the text report file, please set the "Show Parameter Settings in Synthesis Report" option in "Analysis and Synthesis Settings -> More Settings" to "Off".


+------------------------------------------------------------------------------------------------------------------------------+
; Parameter Settings for User Entity Instance: game_fsm:game|Menu_Core:menu_inst|Clock_Divider:clk_div_inst|Counter:count_inst ;
+----------------+-------+-----------------------------------------------------------------------------------------------------+
; Parameter Name ; Value ; Type                                                                                                ;
+----------------+-------+-----------------------------------------------------------------------------------------------------+
; W              ; 32    ; Signed Integer                                                                                      ;
+----------------+-------+-----------------------------------------------------------------------------------------------------+
Note: In order to hide this table in the UI and the text report file, please set the "Show Parameter Settings in Synthesis Report" option in "Analysis and Synthesis Settings -> More Settings" to "Off".


+---------------------------------------------------------------------------------------------------------+
; Parameter Settings for User Entity Instance: game_fsm:game|Menu_Core:menu_inst|vga_background:bg_module ;
+----------------+------------+---------------------------------------------------------------------------+
; Parameter Name ; Value      ; Type                                                                      ;
+----------------+------------+---------------------------------------------------------------------------+
; YELLOW         ; 10110000   ; Unsigned Binary                                                           ;
; BLACK          ; 00000000   ; Unsigned Binary                                                           ;
; SCREEN_WIDTH   ; 1010000000 ; Unsigned Binary                                                           ;
; SCREEN_HEIGHT  ; 0111100000 ; Unsigned Binary                                                           ;
+----------------+------------+---------------------------------------------------------------------------+
Note: In order to hide this table in the UI and the text report file, please set the "Show Parameter Settings in Synthesis Report" option in "Analysis and Synthesis Settings -> More Settings" to "Off".


+-----------------------------------------------------------------------------------------------------------------------+
; Parameter Settings for User Entity Instance: game_fsm:game|Menu_Core:menu_inst|text_display_shadow:text_module_shadow ;
+----------------+------------+-----------------------------------------------------------------------------------------+
; Parameter Name ; Value      ; Type                                                                                    ;
+----------------+------------+-----------------------------------------------------------------------------------------+
; CHAR_WIDTH     ; 0000010000 ; Unsigned Binary                                                                         ;
; CHAR_HEIGHT    ; 0000100000 ; Unsigned Binary                                                                         ;
; TEXT_LENGTH    ; 0000001011 ; Unsigned Binary                                                                         ;
; SCREEN_WIDTH   ; 1010000000 ; Unsigned Binary                                                                         ;
; SCREEN_HEIGHT  ; 0111100000 ; Unsigned Binary                                                                         ;
; TEXT_WIDTH     ; 0010110000 ; Unsigned Binary                                                                         ;
; START_X        ; 0011101000 ; Unsigned Binary                                                                         ;
; START_Y        ; 0010100000 ; Unsigned Binary                                                                         ;
; TEXT_COLOR     ; 00000000   ; Unsigned Binary                                                                         ;
; TRANSPARENT    ; 00000000   ; Unsigned Binary                                                                         ;
+----------------+------------+-----------------------------------------------------------------------------------------+
Note: In order to hide this table in the UI and the text report file, please set the "Show Parameter Settings in Synthesis Report" option in "Analysis and Synthesis Settings -> More Settings" to "Off".


+-----------------------------------------------------------------------------------------------------------------------+
; Parameter Settings for User Entity Instance: game_fsm:game|Menu_Core:menu_inst|text_display_single:text_module_single ;
+----------------+------------+-----------------------------------------------------------------------------------------+
; Parameter Name ; Value      ; Type                                                                                    ;
+----------------+------------+-----------------------------------------------------------------------------------------+
; CHAR_WIDTH     ; 0000001000 ; Unsigned Binary                                                                         ;
; CHAR_HEIGHT    ; 0000010000 ; Unsigned Binary                                                                         ;
; TEXT_LENGTH    ; 0000001101 ; Unsigned Binary                                                                         ;
; SCREEN_WIDTH   ; 1010000000 ; Unsigned Binary                                                                         ;
; SCREEN_HEIGHT  ; 0111100000 ; Unsigned Binary                                                                         ;
; TEXT_WIDTH     ; 0001101000 ; Unsigned Binary                                                                         ;
; START_X        ; 0100001100 ; Unsigned Binary                                                                         ;
; START_Y        ; 0100011000 ; Unsigned Binary                                                                         ;
; TEXT_COLOR     ; 00000000   ; Unsigned Binary                                                                         ;
; TRANSPARENT    ; 00000000   ; Unsigned Binary                                                                         ;
+----------------+------------+-----------------------------------------------------------------------------------------+
Note: In order to hide this table in the UI and the text report file, please set the "Show Parameter Settings in Synthesis Report" option in "Analysis and Synthesis Settings -> More Settings" to "Off".


+---------------------------------------------------------------------------------------------------------------------+
; Parameter Settings for User Entity Instance: game_fsm:game|Menu_Core:menu_inst|text_display_multi:text_module_multi ;
+----------------+------------+---------------------------------------------------------------------------------------+
; Parameter Name ; Value      ; Type                                                                                  ;
+----------------+------------+---------------------------------------------------------------------------------------+
; CHAR_WIDTH     ; 0000001000 ; Unsigned Binary                                                                       ;
; CHAR_HEIGHT    ; 0000010000 ; Unsigned Binary                                                                       ;
; TEXT_LENGTH    ; 0000001101 ; Unsigned Binary                                                                       ;
; SCREEN_WIDTH   ; 1010000000 ; Unsigned Binary                                                                       ;
; SCREEN_HEIGHT  ; 0111100000 ; Unsigned Binary                                                                       ;
; TEXT_WIDTH     ; 0001101000 ; Unsigned Binary                                                                       ;
; START_X        ; 0100001100 ; Unsigned Binary                                                                       ;
; START_Y        ; 0100110001 ; Unsigned Binary                                                                       ;
; TEXT_COLOR     ; 00000000   ; Unsigned Binary                                                                       ;
; TRANSPARENT    ; 00000000   ; Unsigned Binary                                                                       ;
+----------------+------------+---------------------------------------------------------------------------------------+
Note: In order to hide this table in the UI and the text report file, please set the "Show Parameter Settings in Synthesis Report" option in "Analysis and Synthesis Settings -> More Settings" to "Off".


+-------------------------------------------------------------------------------------------------------------+
; Parameter Settings for User Entity Instance: game_fsm:game|Menu_Core:menu_inst|selection_arrow:arrow_module ;
+----------------+------------+-------------------------------------------------------------------------------+
; Parameter Name ; Value      ; Type                                                                          ;
+----------------+------------+-------------------------------------------------------------------------------+
; ARROW_WIDTH    ; 0000010100 ; Unsigned Binary                                                               ;
; ARROW_HEIGHT   ; 0000001100 ; Unsigned Binary                                                               ;
; SCREEN_WIDTH   ; 1010000000 ; Unsigned Binary                                                               ;
; SCREEN_HEIGHT  ; 0111100000 ; Unsigned Binary                                                               ;
; TEXT_LENGTH    ; 0000001101 ; Unsigned Binary                                                               ;
; CHAR_WIDTH     ; 0000001000 ; Unsigned Binary                                                               ;
; TEXT_WIDTH     ; 0001101000 ; Unsigned Binary                                                               ;
; SINGLE_START_X ; 0100001100 ; Unsigned Binary                                                               ;
; SINGLE_START_Y ; 0100011000 ; Unsigned Binary                                                               ;
; MULTI_START_X  ; 0100001100 ; Unsigned Binary                                                               ;
; MULTI_START_Y  ; 0100110001 ; Unsigned Binary                                                               ;
; ARROW_OFFSET_X ; 0000011001 ; Unsigned Binary                                                               ;
; ARROW_OFFSET_Y ; 0000000010 ; Unsigned Binary                                                               ;
; ARROW_COLOR    ; 11111111   ; Unsigned Binary                                                               ;
+----------------+------------+-------------------------------------------------------------------------------+
Note: In order to hide this table in the UI and the text report file, please set the "Show Parameter Settings in Synthesis Report" option in "Analysis and Synthesis Settings -> More Settings" to "Off".


+---------------------------------------------------------------------------------------------------------------------+
; Parameter Settings for User Entity Instance: game_fsm:game|Menu_Core:menu_inst|text_display_start:text_module_start ;
+----------------+------------+---------------------------------------------------------------------------------------+
; Parameter Name ; Value      ; Type                                                                                  ;
+----------------+------------+---------------------------------------------------------------------------------------+
; CHAR_WIDTH     ; 0000001000 ; Unsigned Binary                                                                       ;
; CHAR_HEIGHT    ; 0000010000 ; Unsigned Binary                                                                       ;
; TEXT_LENGTH    ; 0000011001 ; Unsigned Binary                                                                       ;
; SCREEN_WIDTH   ; 1010000000 ; Unsigned Binary                                                                       ;
; SCREEN_HEIGHT  ; 0111100000 ; Unsigned Binary                                                                       ;
; TEXT_WIDTH     ; 0011001000 ; Unsigned Binary                                                                       ;
; START_X        ; 0011011100 ; Unsigned Binary                                                                       ;
; START_Y        ; 0110100100 ; Unsigned Binary                                                                       ;
; TEXT_COLOR     ; 00000000   ; Unsigned Binary                                                                       ;
; TRANSPARENT    ; 00000000   ; Unsigned Binary                                                                       ;
+----------------+------------+---------------------------------------------------------------------------------------+
Note: In order to hide this table in the UI and the text report file, please set the "Show Parameter Settings in Synthesis Report" option in "Analysis and Synthesis Settings -> More Settings" to "Off".


+----------------------------------------------------------------------------------------------------+
; Parameter Settings for User Entity Instance: game_fsm:game|Menu_Core:menu_inst|vga_driver:vga_ctrl ;
+----------------+------------+----------------------------------------------------------------------+
; Parameter Name ; Value      ; Type                                                                 ;
+----------------+------------+----------------------------------------------------------------------+
; H_ACTIVE       ; 1001111111 ; Unsigned Binary                                                      ;
; H_FRONT        ; 0000001111 ; Unsigned Binary                                                      ;
; H_PULSE        ; 0001011111 ; Unsigned Binary                                                      ;
; H_BACK         ; 0000101111 ; Unsigned Binary                                                      ;
; V_ACTIVE       ; 0111011111 ; Unsigned Binary                                                      ;
; V_FRONT        ; 0000001001 ; Unsigned Binary                                                      ;
; V_PULSE        ; 0000000001 ; Unsigned Binary                                                      ;
; V_BACK         ; 0000100000 ; Unsigned Binary                                                      ;
; LOW            ; 0          ; Unsigned Binary                                                      ;
; HIGH           ; 1          ; Unsigned Binary                                                      ;
; H_ACTIVE_STATE ; 00000000   ; Unsigned Binary                                                      ;
; H_FRONT_STATE  ; 00000001   ; Unsigned Binary                                                      ;
; H_PULSE_STATE  ; 00000010   ; Unsigned Binary                                                      ;
; H_BACK_STATE   ; 00000011   ; Unsigned Binary                                                      ;
; V_ACTIVE_STATE ; 00000000   ; Unsigned Binary                                                      ;
; V_FRONT_STATE  ; 00000001   ; Unsigned Binary                                                      ;
; V_PULSE_STATE  ; 00000010   ; Unsigned Binary                                                      ;
; V_BACK_STATE   ; 00000011   ; Unsigned Binary                                                      ;
+----------------+------------+----------------------------------------------------------------------+
Note: In order to hide this table in the UI and the text report file, please set the "Show Parameter Settings in Synthesis Report" option in "Analysis and Synthesis Settings -> More Settings" to "Off".


+--------------------------------------------------------------------------------------------------------+
; Parameter Settings for User Entity Instance: game_fsm:game|game_core:game_inst|Clock_Divider:clock_vga ;
+----------------+-------+-------------------------------------------------------------------------------+
; Parameter Name ; Value ; Type                                                                          ;
+----------------+-------+-------------------------------------------------------------------------------+
; division       ; 2     ; Signed Integer                                                                ;
; W              ; 32    ; Signed Integer                                                                ;
+----------------+-------+-------------------------------------------------------------------------------+
Note: In order to hide this table in the UI and the text report file, please set the "Show Parameter Settings in Synthesis Report" option in "Analysis and Synthesis Settings -> More Settings" to "Off".


+---------------------------------------------------------------------------------------------------------------------------+
; Parameter Settings for User Entity Instance: game_fsm:game|game_core:game_inst|Clock_Divider:clock_vga|Counter:count_inst ;
+----------------+-------+--------------------------------------------------------------------------------------------------+
; Parameter Name ; Value ; Type                                                                                             ;
+----------------+-------+--------------------------------------------------------------------------------------------------+
; W              ; 32    ; Signed Integer                                                                                   ;
+----------------+-------+--------------------------------------------------------------------------------------------------+
Note: In order to hide this table in the UI and the text report file, please set the "Show Parameter Settings in Synthesis Report" option in "Analysis and Synthesis Settings -> More Settings" to "Off".


+--------------------------------------------------------------------------------------------------------+
; Parameter Settings for User Entity Instance: game_fsm:game|game_core:game_inst|Clock_Divider:clock_fsm ;
+----------------+--------+------------------------------------------------------------------------------+
; Parameter Name ; Value  ; Type                                                                         ;
+----------------+--------+------------------------------------------------------------------------------+
; division       ; 833334 ; Signed Integer                                                               ;
; W              ; 32     ; Signed Integer                                                               ;
+----------------+--------+------------------------------------------------------------------------------+
Note: In order to hide this table in the UI and the text report file, please set the "Show Parameter Settings in Synthesis Report" option in "Analysis and Synthesis Settings -> More Settings" to "Off".


+---------------------------------------------------------------------------------------------------------------------------+
; Parameter Settings for User Entity Instance: game_fsm:game|game_core:game_inst|Clock_Divider:clock_fsm|Counter:count_inst ;
+----------------+-------+--------------------------------------------------------------------------------------------------+
; Parameter Name ; Value ; Type                                                                                             ;
+----------------+-------+--------------------------------------------------------------------------------------------------+
; W              ; 32    ; Signed Integer                                                                                   ;
+----------------+-------+--------------------------------------------------------------------------------------------------+
Note: In order to hide this table in the UI and the text report file, please set the "Show Parameter Settings in Synthesis Report" option in "Analysis and Synthesis Settings -> More Settings" to "Off".


+--------------------------------------------------------------------------------------------------------+
; Parameter Settings for User Entity Instance: game_fsm:game|game_core:game_inst|Sprite_renderer:render1 ;
+----------------+-------+-------------------------------------------------------------------------------+
; Parameter Name ; Value ; Type                                                                          ;
+----------------+-------+-------------------------------------------------------------------------------+
; IS_MIRRORED    ; 0     ; Signed Integer                                                                ;
+----------------+-------+-------------------------------------------------------------------------------+
Note: In order to hide this table in the UI and the text report file, please set the "Show Parameter Settings in Synthesis Report" option in "Analysis and Synthesis Settings -> More Settings" to "Off".


+--------------------------------------------------------------------------------------------------------+
; Parameter Settings for User Entity Instance: game_fsm:game|game_core:game_inst|Sprite_renderer:render2 ;
+----------------+-------+-------------------------------------------------------------------------------+
; Parameter Name ; Value ; Type                                                                          ;
+----------------+-------+-------------------------------------------------------------------------------+
; IS_MIRRORED    ; 1     ; Signed Integer                                                                ;
+----------------+-------+-------------------------------------------------------------------------------+
Note: In order to hide this table in the UI and the text report file, please set the "Show Parameter Settings in Synthesis Report" option in "Analysis and Synthesis Settings -> More Settings" to "Off".


+---------------------------------------------------------------------------------------------------------------+
; Parameter Settings for User Entity Instance: game_fsm:game|game_core:game_inst|Background_renderer:background ;
+-----------------+-------+-------------------------------------------------------------------------------------+
; Parameter Name  ; Value ; Type                                                                                ;
+-----------------+-------+-------------------------------------------------------------------------------------+
; HEART_SIZE      ; 16    ; Signed Integer                                                                      ;
; HEART_OFFSET    ; 20    ; Signed Integer                                                                      ;
; HEART_SPACING   ; 25    ; Signed Integer                                                                      ;
; SHIELD_SIZE     ; 12    ; Signed Integer                                                                      ;
; SHIELD_Y_OFFSET ; 25    ; Signed Integer                                                                      ;
+-----------------+-------+-------------------------------------------------------------------------------------+
Note: In order to hide this table in the UI and the text report file, please set the "Show Parameter Settings in Synthesis Report" option in "Analysis and Synthesis Settings -> More Settings" to "Off".


+---------------------------------------------------------------------------------------------------------------------------------------------------------------------------------------------+
; Parameter Settings for User Entity Instance: game_fsm:game|game_core:game_inst|Background_renderer:background|timer_module:timer_inst|counter_controller:counter_ctrl|Clock_Divider:clk_div ;
+----------------+----------+-----------------------------------------------------------------------------------------------------------------------------------------------------------------+
; Parameter Name ; Value    ; Type                                                                                                                                                            ;
+----------------+----------+-----------------------------------------------------------------------------------------------------------------------------------------------------------------+
; division       ; 50000000 ; Signed Integer                                                                                                                                                  ;
; W              ; 32       ; Signed Integer                                                                                                                                                  ;
+----------------+----------+-----------------------------------------------------------------------------------------------------------------------------------------------------------------+
Note: In order to hide this table in the UI and the text report file, please set the "Show Parameter Settings in Synthesis Report" option in "Analysis and Synthesis Settings -> More Settings" to "Off".


+----------------------------------------------------------------------------------------------------------------------------------------------------------------------------------------------------------------+
; Parameter Settings for User Entity Instance: game_fsm:game|game_core:game_inst|Background_renderer:background|timer_module:timer_inst|counter_controller:counter_ctrl|Clock_Divider:clk_div|Counter:count_inst ;
+----------------+-------+---------------------------------------------------------------------------------------------------------------------------------------------------------------------------------------+
; Parameter Name ; Value ; Type                                                                                                                                                                                  ;
+----------------+-------+---------------------------------------------------------------------------------------------------------------------------------------------------------------------------------------+
; W              ; 32    ; Signed Integer                                                                                                                                                                        ;
+----------------+-------+---------------------------------------------------------------------------------------------------------------------------------------------------------------------------------------+
Note: In order to hide this table in the UI and the text report file, please set the "Show Parameter Settings in Synthesis Report" option in "Analysis and Synthesis Settings -> More Settings" to "Off".


+--------------------------------------------------------------------------------------------------------------------------------------------------------------------+
; Parameter Settings for User Entity Instance: game_fsm:game|game_core:game_inst|Background_renderer:background|timer_module:timer_inst|counter_display:counter_disp ;
+----------------+------------+--------------------------------------------------------------------------------------------------------------------------------------+
; Parameter Name ; Value      ; Type                                                                                                                                 ;
+----------------+------------+--------------------------------------------------------------------------------------------------------------------------------------+
; DIGIT_X_TENS   ; 0100110110 ; Unsigned Binary                                                                                                                      ;
; DIGIT_X_ONES   ; 0101001010 ; Unsigned Binary                                                                                                                      ;
; DIGIT_Y        ; 0000110010 ; Unsigned Binary                                                                                                                      ;
+----------------+------------+--------------------------------------------------------------------------------------------------------------------------------------+
Note: In order to hide this table in the UI and the text report file, please set the "Show Parameter Settings in Synthesis Report" option in "Analysis and Synthesis Settings -> More Settings" to "Off".


+-----------------------------------------------------------------------------------------------------------------------------------------------------------------------------------------------+
; Parameter Settings for User Entity Instance: game_fsm:game|game_core:game_inst|Background_renderer:background|timer_module:timer_inst|counter_display:counter_disp|digit_display:tens_display ;
+----------------+-------+----------------------------------------------------------------------------------------------------------------------------------------------------------------------+
; Parameter Name ; Value ; Type                                                                                                                                                                 ;
+----------------+-------+----------------------------------------------------------------------------------------------------------------------------------------------------------------------+
; DIGIT_WIDTH    ; 8     ; Signed Integer                                                                                                                                                       ;
; DIGIT_HEIGHT   ; 12    ; Signed Integer                                                                                                                                                       ;
+----------------+-------+----------------------------------------------------------------------------------------------------------------------------------------------------------------------+
Note: In order to hide this table in the UI and the text report file, please set the "Show Parameter Settings in Synthesis Report" option in "Analysis and Synthesis Settings -> More Settings" to "Off".


+-----------------------------------------------------------------------------------------------------------------------------------------------------------------------------------------------+
; Parameter Settings for User Entity Instance: game_fsm:game|game_core:game_inst|Background_renderer:background|timer_module:timer_inst|counter_display:counter_disp|digit_display:ones_display ;
+----------------+-------+----------------------------------------------------------------------------------------------------------------------------------------------------------------------+
; Parameter Name ; Value ; Type                                                                                                                                                                 ;
+----------------+-------+----------------------------------------------------------------------------------------------------------------------------------------------------------------------+
; DIGIT_WIDTH    ; 8     ; Signed Integer                                                                                                                                                       ;
; DIGIT_HEIGHT   ; 12    ; Signed Integer                                                                                                                                                       ;
+----------------+-------+----------------------------------------------------------------------------------------------------------------------------------------------------------------------+
Note: In order to hide this table in the UI and the text report file, please set the "Show Parameter Settings in Synthesis Report" option in "Analysis and Synthesis Settings -> More Settings" to "Off".


+----------------------------------------------------------------------------------------------------+
; Parameter Settings for User Entity Instance: game_fsm:game|game_core:game_inst|Sprite_boxes:boxes1 ;
+----------------+-------+---------------------------------------------------------------------------+
; Parameter Name ; Value ; Type                                                                      ;
+----------------+-------+---------------------------------------------------------------------------+
; IS_MIRRORED    ; 0     ; Signed Integer                                                            ;
+----------------+-------+---------------------------------------------------------------------------+
Note: In order to hide this table in the UI and the text report file, please set the "Show Parameter Settings in Synthesis Report" option in "Analysis and Synthesis Settings -> More Settings" to "Off".


+----------------------------------------------------------------------------------------------------+
; Parameter Settings for User Entity Instance: game_fsm:game|game_core:game_inst|Sprite_boxes:boxes2 ;
+----------------+-------+---------------------------------------------------------------------------+
; Parameter Name ; Value ; Type                                                                      ;
+----------------+-------+---------------------------------------------------------------------------+
; IS_MIRRORED    ; 1     ; Signed Integer                                                            ;
+----------------+-------+---------------------------------------------------------------------------+
Note: In order to hide this table in the UI and the text report file, please set the "Show Parameter Settings in Synthesis Report" option in "Analysis and Synthesis Settings -> More Settings" to "Off".


+-----------------------------------------------------------------------------------------------+
; Parameter Settings for User Entity Instance: game_fsm:game|game_core:game_inst|vga_driver:vga ;
+----------------+------------+-----------------------------------------------------------------+
; Parameter Name ; Value      ; Type                                                            ;
+----------------+------------+-----------------------------------------------------------------+
; H_ACTIVE       ; 1001111111 ; Unsigned Binary                                                 ;
; H_FRONT        ; 0000001111 ; Unsigned Binary                                                 ;
; H_PULSE        ; 0001011111 ; Unsigned Binary                                                 ;
; H_BACK         ; 0000101111 ; Unsigned Binary                                                 ;
; V_ACTIVE       ; 0111011111 ; Unsigned Binary                                                 ;
; V_FRONT        ; 0000001001 ; Unsigned Binary                                                 ;
; V_PULSE        ; 0000000001 ; Unsigned Binary                                                 ;
; V_BACK         ; 0000100000 ; Unsigned Binary                                                 ;
; LOW            ; 0          ; Unsigned Binary                                                 ;
; HIGH           ; 1          ; Unsigned Binary                                                 ;
; H_ACTIVE_STATE ; 00000000   ; Unsigned Binary                                                 ;
; H_FRONT_STATE  ; 00000001   ; Unsigned Binary                                                 ;
; H_PULSE_STATE  ; 00000010   ; Unsigned Binary                                                 ;
; H_BACK_STATE   ; 00000011   ; Unsigned Binary                                                 ;
; V_ACTIVE_STATE ; 00000000   ; Unsigned Binary                                                 ;
; V_FRONT_STATE  ; 00000001   ; Unsigned Binary                                                 ;
; V_PULSE_STATE  ; 00000010   ; Unsigned Binary                                                 ;
; V_BACK_STATE   ; 00000011   ; Unsigned Binary                                                 ;
+----------------+------------+-----------------------------------------------------------------+
Note: In order to hide this table in the UI and the text report file, please set the "Show Parameter Settings in Synthesis Report" option in "Analysis and Synthesis Settings -> More Settings" to "Off".


+---------------------------------------------------------------------------------------------------------------------+
; Parameter Settings for User Entity Instance: game_fsm:game|Game_Over_core:game_over_inst|Clock_Divider:clk_div_inst ;
+----------------+-------+--------------------------------------------------------------------------------------------+
; Parameter Name ; Value ; Type                                                                                       ;
+----------------+-------+--------------------------------------------------------------------------------------------+
; division       ; 2     ; Signed Integer                                                                             ;
; W              ; 32    ; Signed Integer                                                                             ;
+----------------+-------+--------------------------------------------------------------------------------------------+
Note: In order to hide this table in the UI and the text report file, please set the "Show Parameter Settings in Synthesis Report" option in "Analysis and Synthesis Settings -> More Settings" to "Off".


+----------------------------------------------------------------------------------------------------------------------------------------+
; Parameter Settings for User Entity Instance: game_fsm:game|Game_Over_core:game_over_inst|Clock_Divider:clk_div_inst|Counter:count_inst ;
+----------------+-------+---------------------------------------------------------------------------------------------------------------+
; Parameter Name ; Value ; Type                                                                                                          ;
+----------------+-------+---------------------------------------------------------------------------------------------------------------+
; W              ; 32    ; Signed Integer                                                                                                ;
+----------------+-------+---------------------------------------------------------------------------------------------------------------+
Note: In order to hide this table in the UI and the text report file, please set the "Show Parameter Settings in Synthesis Report" option in "Analysis and Synthesis Settings -> More Settings" to "Off".


+-------------------------------------------------------------------------------------------------------------------+
; Parameter Settings for User Entity Instance: game_fsm:game|Game_Over_core:game_over_inst|vga_background:bg_module ;
+----------------+------------+-------------------------------------------------------------------------------------+
; Parameter Name ; Value      ; Type                                                                                ;
+----------------+------------+-------------------------------------------------------------------------------------+
; YELLOW         ; 10110000   ; Unsigned Binary                                                                     ;
; BLACK          ; 00000000   ; Unsigned Binary                                                                     ;
; SCREEN_WIDTH   ; 1010000000 ; Unsigned Binary                                                                     ;
; SCREEN_HEIGHT  ; 0111100000 ; Unsigned Binary                                                                     ;
+----------------+------------+-------------------------------------------------------------------------------------+
Note: In order to hide this table in the UI and the text report file, please set the "Show Parameter Settings in Synthesis Report" option in "Analysis and Synthesis Settings -> More Settings" to "Off".


+---------------------------------------------------------------------------------------------------------------------------------------+
; Parameter Settings for User Entity Instance: game_fsm:game|Game_Over_core:game_over_inst|text_display_game_over:text_module_game_over ;
+----------------+------------+---------------------------------------------------------------------------------------------------------+
; Parameter Name ; Value      ; Type                                                                                                    ;
+----------------+------------+---------------------------------------------------------------------------------------------------------+
; CHAR_WIDTH     ; 0000010000 ; Unsigned Binary                                                                                         ;
; CHAR_HEIGHT    ; 0000100000 ; Unsigned Binary                                                                                         ;
; TEXT_LENGTH    ; 0000001001 ; Unsigned Binary                                                                                         ;
; SCREEN_WIDTH   ; 1010000000 ; Unsigned Binary                                                                                         ;
; SCREEN_HEIGHT  ; 0111100000 ; Unsigned Binary                                                                                         ;
; TEXT_WIDTH     ; 0010010000 ; Unsigned Binary                                                                                         ;
; START_X        ; 0011111000 ; Unsigned Binary                                                                                         ;
; START_Y        ; 0011100000 ; Unsigned Binary                                                                                         ;
; TEXT_COLOR     ; 00000000   ; Unsigned Binary                                                                                         ;
; TRANSPARENT    ; 00000000   ; Unsigned Binary                                                                                         ;
+----------------+------------+---------------------------------------------------------------------------------------------------------+
Note: In order to hide this table in the UI and the text report file, please set the "Show Parameter Settings in Synthesis Report" option in "Analysis and Synthesis Settings -> More Settings" to "Off".


+-------------------------------------------------------------------------------------------------------------------------------------------+
; Parameter Settings for User Entity Instance: game_fsm:game|Game_Over_core:game_over_inst|text_display_player_wins:text_module_player_wins ;
+----------------+------------+-------------------------------------------------------------------------------------------------------------+
; Parameter Name ; Value      ; Type                                                                                                        ;
+----------------+------------+-------------------------------------------------------------------------------------------------------------+
; CHAR_WIDTH     ; 0000010000 ; Unsigned Binary                                                                                             ;
; CHAR_HEIGHT    ; 0000100000 ; Unsigned Binary                                                                                             ;
; TEXT_LENGTH    ; 0000001101 ; Unsigned Binary                                                                                             ;
; SCREEN_WIDTH   ; 1010000000 ; Unsigned Binary                                                                                             ;
; SCREEN_HEIGHT  ; 0111100000 ; Unsigned Binary                                                                                             ;
; TEXT_WIDTH     ; 0011010000 ; Unsigned Binary                                                                                             ;
; START_X        ; 0011011000 ; Unsigned Binary                                                                                             ;
; START_Y        ; 0100011000 ; Unsigned Binary                                                                                             ;
; PLAYER1_COLOR  ; 00011100   ; Unsigned Binary                                                                                             ;
; PLAYER2_COLOR  ; 00000011   ; Unsigned Binary                                                                                             ;
; TRANSPARENT    ; 00000000   ; Unsigned Binary                                                                                             ;
+----------------+------------+-------------------------------------------------------------------------------------------------------------+
Note: In order to hide this table in the UI and the text report file, please set the "Show Parameter Settings in Synthesis Report" option in "Analysis and Synthesis Settings -> More Settings" to "Off".


+--------------------------------------------------------------------------------------------------------------+
; Parameter Settings for User Entity Instance: game_fsm:game|Game_Over_core:game_over_inst|vga_driver:vga_ctrl ;
+----------------+------------+--------------------------------------------------------------------------------+
; Parameter Name ; Value      ; Type                                                                           ;
+----------------+------------+--------------------------------------------------------------------------------+
; H_ACTIVE       ; 1001111111 ; Unsigned Binary                                                                ;
; H_FRONT        ; 0000001111 ; Unsigned Binary                                                                ;
; H_PULSE        ; 0001011111 ; Unsigned Binary                                                                ;
; H_BACK         ; 0000101111 ; Unsigned Binary                                                                ;
; V_ACTIVE       ; 0111011111 ; Unsigned Binary                                                                ;
; V_FRONT        ; 0000001001 ; Unsigned Binary                                                                ;
; V_PULSE        ; 0000000001 ; Unsigned Binary                                                                ;
; V_BACK         ; 0000100000 ; Unsigned Binary                                                                ;
; LOW            ; 0          ; Unsigned Binary                                                                ;
; HIGH           ; 1          ; Unsigned Binary                                                                ;
; H_ACTIVE_STATE ; 00000000   ; Unsigned Binary                                                                ;
; H_FRONT_STATE  ; 00000001   ; Unsigned Binary                                                                ;
; H_PULSE_STATE  ; 00000010   ; Unsigned Binary                                                                ;
; H_BACK_STATE   ; 00000011   ; Unsigned Binary                                                                ;
; V_ACTIVE_STATE ; 00000000   ; Unsigned Binary                                                                ;
; V_FRONT_STATE  ; 00000001   ; Unsigned Binary                                                                ;
; V_PULSE_STATE  ; 00000010   ; Unsigned Binary                                                                ;
; V_BACK_STATE   ; 00000011   ; Unsigned Binary                                                                ;
+----------------+------------+--------------------------------------------------------------------------------+
Note: In order to hide this table in the UI and the text report file, please set the "Show Parameter Settings in Synthesis Report" option in "Analysis and Synthesis Settings -> More Settings" to "Off".


+----------------------------------------------------------------------------------------------------------------------------------------------------------------------------------------+
; Parameter Settings for Inferred Entity Instance: game_fsm:game|game_core:game_inst|Background_renderer:background|timer_module:timer_inst|counter_display:counter_disp|lpm_divide:Div0 ;
+------------------------+----------------+----------------------------------------------------------------------------------------------------------------------------------------------+
; Parameter Name         ; Value          ; Type                                                                                                                                         ;
+------------------------+----------------+----------------------------------------------------------------------------------------------------------------------------------------------+
; LPM_WIDTHN             ; 7              ; Untyped                                                                                                                                      ;
; LPM_WIDTHD             ; 4              ; Untyped                                                                                                                                      ;
; LPM_NREPRESENTATION    ; UNSIGNED       ; Untyped                                                                                                                                      ;
; LPM_DREPRESENTATION    ; UNSIGNED       ; Untyped                                                                                                                                      ;
; LPM_PIPELINE           ; 0              ; Untyped                                                                                                                                      ;
; LPM_REMAINDERPOSITIVE  ; TRUE           ; Untyped                                                                                                                                      ;
; MAXIMIZE_SPEED         ; 5              ; Untyped                                                                                                                                      ;
; CBXI_PARAMETER         ; lpm_divide_4am ; Untyped                                                                                                                                      ;
; CARRY_CHAIN            ; MANUAL         ; Untyped                                                                                                                                      ;
; OPTIMIZE_FOR_SPEED     ; 5              ; Untyped                                                                                                                                      ;
; AUTO_CARRY_CHAINS      ; ON             ; AUTO_CARRY                                                                                                                                   ;
; IGNORE_CARRY_BUFFERS   ; OFF            ; IGNORE_CARRY                                                                                                                                 ;
; AUTO_CASCADE_CHAINS    ; ON             ; AUTO_CASCADE                                                                                                                                 ;
; IGNORE_CASCADE_BUFFERS ; OFF            ; IGNORE_CASCADE                                                                                                                               ;
+------------------------+----------------+----------------------------------------------------------------------------------------------------------------------------------------------+
Note: In order to hide this table in the UI and the text report file, please set the "Show Parameter Settings in Synthesis Report" option in "Analysis and Synthesis Settings -> More Settings" to "Off".


+----------------------------------------------------------------------------------------------------------------------------------------------------------------------------------------+
; Parameter Settings for Inferred Entity Instance: game_fsm:game|game_core:game_inst|Background_renderer:background|timer_module:timer_inst|counter_display:counter_disp|lpm_divide:Mod0 ;
+------------------------+----------------+----------------------------------------------------------------------------------------------------------------------------------------------+
; Parameter Name         ; Value          ; Type                                                                                                                                         ;
+------------------------+----------------+----------------------------------------------------------------------------------------------------------------------------------------------+
; LPM_WIDTHN             ; 7              ; Untyped                                                                                                                                      ;
; LPM_WIDTHD             ; 4              ; Untyped                                                                                                                                      ;
; LPM_NREPRESENTATION    ; UNSIGNED       ; Untyped                                                                                                                                      ;
; LPM_DREPRESENTATION    ; UNSIGNED       ; Untyped                                                                                                                                      ;
; LPM_PIPELINE           ; 0              ; Untyped                                                                                                                                      ;
; LPM_REMAINDERPOSITIVE  ; TRUE           ; Untyped                                                                                                                                      ;
; MAXIMIZE_SPEED         ; 5              ; Untyped                                                                                                                                      ;
; CBXI_PARAMETER         ; lpm_divide_72m ; Untyped                                                                                                                                      ;
; CARRY_CHAIN            ; MANUAL         ; Untyped                                                                                                                                      ;
; OPTIMIZE_FOR_SPEED     ; 5              ; Untyped                                                                                                                                      ;
; AUTO_CARRY_CHAINS      ; ON             ; AUTO_CARRY                                                                                                                                   ;
; IGNORE_CARRY_BUFFERS   ; OFF            ; IGNORE_CARRY                                                                                                                                 ;
; AUTO_CASCADE_CHAINS    ; ON             ; AUTO_CASCADE                                                                                                                                 ;
; IGNORE_CASCADE_BUFFERS ; OFF            ; IGNORE_CASCADE                                                                                                                               ;
+------------------------+----------------+----------------------------------------------------------------------------------------------------------------------------------------------+
Note: In order to hide this table in the UI and the text report file, please set the "Show Parameter Settings in Synthesis Report" option in "Analysis and Synthesis Settings -> More Settings" to "Off".


+----------------------------------------------------------------------------------------------------+
; Port Connectivity Checks: "game_fsm:game|Game_Over_core:game_over_inst|Clock_Divider:clk_div_inst" ;
+------------+-------+----------+--------------------------------------------------------------------+
; Port       ; Type  ; Severity ; Details                                                            ;
+------------+-------+----------+--------------------------------------------------------------------+
; clk_bypass ; Input ; Info     ; Stuck at GND                                                       ;
+------------+-------+----------+--------------------------------------------------------------------+


+--------------------------------------------------------------------------------------------------------------------------------------+
; Port Connectivity Checks: "game_fsm:game|Game_Over_core:game_over_inst"                                                              ;
+-------+--------+----------+----------------------------------------------------------------------------------------------------------+
; Port  ; Type   ; Severity ; Details                                                                                                  ;
+-------+--------+----------+----------------------------------------------------------------------------------------------------------+
; reset ; Input  ; Info     ; Stuck at GND                                                                                             ;
; leds  ; Output ; Warning  ; Declared by entity but not connected by instance. Logic that only feeds a dangling port will be removed. ;
+-------+--------+----------+----------------------------------------------------------------------------------------------------------+


+------------------------------------------------------------------------------+
; Port Connectivity Checks: "game_fsm:game|game_core:game_inst|vga_driver:vga" ;
+-------+-------+----------+---------------------------------------------------+
; Port  ; Type  ; Severity ; Details                                           ;
+-------+-------+----------+---------------------------------------------------+
; reset ; Input ; Info     ; Stuck at GND                                      ;
+-------+-------+----------+---------------------------------------------------+


+----------------------------------------------------------------------------------------------------------------------------------------------------------------------------------------------------+
; Port Connectivity Checks: "game_fsm:game|game_core:game_inst|Health_Block:health_block_p2"                                                                                                         ;
+--------+--------+----------+-----------------------------------------------------------------------------------------------------------------------------------------------------------------------+
; Port   ; Type   ; Severity ; Details                                                                                                                                                               ;
+--------+--------+----------+-----------------------------------------------------------------------------------------------------------------------------------------------------------------------+
; health ; Output ; Warning  ; Output or bidir port (2 bits) is smaller than the port expression (3 bits) it drives.  The 1 most-significant bit(s) in the port expression will be connected to GND. ;
; block  ; Output ; Warning  ; Output or bidir port (2 bits) is smaller than the port expression (3 bits) it drives.  The 1 most-significant bit(s) in the port expression will be connected to GND. ;
+--------+--------+----------+-----------------------------------------------------------------------------------------------------------------------------------------------------------------------+


+----------------------------------------------------------------------------------------------------------------------------------------------------------------------------------------------------+
; Port Connectivity Checks: "game_fsm:game|game_core:game_inst|Health_Block:health_block_p1"                                                                                                         ;
+--------+--------+----------+-----------------------------------------------------------------------------------------------------------------------------------------------------------------------+
; Port   ; Type   ; Severity ; Details                                                                                                                                                               ;
+--------+--------+----------+-----------------------------------------------------------------------------------------------------------------------------------------------------------------------+
; health ; Output ; Warning  ; Output or bidir port (2 bits) is smaller than the port expression (3 bits) it drives.  The 1 most-significant bit(s) in the port expression will be connected to GND. ;
; block  ; Output ; Warning  ; Output or bidir port (2 bits) is smaller than the port expression (3 bits) it drives.  The 1 most-significant bit(s) in the port expression will be connected to GND. ;
+--------+--------+----------+-----------------------------------------------------------------------------------------------------------------------------------------------------------------------+


+------------------------------------------------------------------------------------------------------------------------------------------------------------------------------+
; Port Connectivity Checks: "game_fsm:game|game_core:game_inst|Background_renderer:background|timer_module:timer_inst|counter_display:counter_disp|digit_display:ones_display" ;
+---------------+-------+----------+-------------------------------------------------------------------------------------------------------------------------------------------+
; Port          ; Type  ; Severity ; Details                                                                                                                                   ;
+---------------+-------+----------+-------------------------------------------------------------------------------------------------------------------------------------------+
; digit_x[5..4] ; Input ; Info     ; Stuck at GND                                                                                                                              ;
; digit_x[9]    ; Input ; Info     ; Stuck at GND                                                                                                                              ;
; digit_x[8]    ; Input ; Info     ; Stuck at VCC                                                                                                                              ;
; digit_x[7]    ; Input ; Info     ; Stuck at GND                                                                                                                              ;
; digit_x[6]    ; Input ; Info     ; Stuck at VCC                                                                                                                              ;
; digit_x[3]    ; Input ; Info     ; Stuck at VCC                                                                                                                              ;
; digit_x[2]    ; Input ; Info     ; Stuck at GND                                                                                                                              ;
; digit_x[1]    ; Input ; Info     ; Stuck at VCC                                                                                                                              ;
; digit_x[0]    ; Input ; Info     ; Stuck at GND                                                                                                                              ;
; digit_y[5..4] ; Input ; Info     ; Stuck at VCC                                                                                                                              ;
; digit_y[9..6] ; Input ; Info     ; Stuck at GND                                                                                                                              ;
; digit_y[3..2] ; Input ; Info     ; Stuck at GND                                                                                                                              ;
; digit_y[1]    ; Input ; Info     ; Stuck at VCC                                                                                                                              ;
; digit_y[0]    ; Input ; Info     ; Stuck at GND                                                                                                                              ;
+---------------+-------+----------+-------------------------------------------------------------------------------------------------------------------------------------------+


+------------------------------------------------------------------------------------------------------------------------------------------------------------------------------+
; Port Connectivity Checks: "game_fsm:game|game_core:game_inst|Background_renderer:background|timer_module:timer_inst|counter_display:counter_disp|digit_display:tens_display" ;
+---------------+-------+----------+-------------------------------------------------------------------------------------------------------------------------------------------+
; Port          ; Type  ; Severity ; Details                                                                                                                                   ;
+---------------+-------+----------+-------------------------------------------------------------------------------------------------------------------------------------------+
; digit_x[5..4] ; Input ; Info     ; Stuck at VCC                                                                                                                              ;
; digit_x[2..1] ; Input ; Info     ; Stuck at VCC                                                                                                                              ;
; digit_x[7..6] ; Input ; Info     ; Stuck at GND                                                                                                                              ;
; digit_x[9]    ; Input ; Info     ; Stuck at GND                                                                                                                              ;
; digit_x[8]    ; Input ; Info     ; Stuck at VCC                                                                                                                              ;
; digit_x[3]    ; Input ; Info     ; Stuck at GND                                                                                                                              ;
; digit_x[0]    ; Input ; Info     ; Stuck at GND                                                                                                                              ;
; digit_y[5..4] ; Input ; Info     ; Stuck at VCC                                                                                                                              ;
; digit_y[9..6] ; Input ; Info     ; Stuck at GND                                                                                                                              ;
; digit_y[3..2] ; Input ; Info     ; Stuck at GND                                                                                                                              ;
; digit_y[1]    ; Input ; Info     ; Stuck at VCC                                                                                                                              ;
; digit_y[0]    ; Input ; Info     ; Stuck at GND                                                                                                                              ;
+---------------+-------+----------+-------------------------------------------------------------------------------------------------------------------------------------------+


+----------------------------------------------------------------------------------------------------------------------------------------------------------------------------+
; Port Connectivity Checks: "game_fsm:game|game_core:game_inst|Background_renderer:background|timer_module:timer_inst|counter_controller:counter_ctrl|Clock_Divider:clk_div" ;
+------------+-------+----------+--------------------------------------------------------------------------------------------------------------------------------------------+
; Port       ; Type  ; Severity ; Details                                                                                                                                    ;
+------------+-------+----------+--------------------------------------------------------------------------------------------------------------------------------------------+
; clk_bypass ; Input ; Info     ; Stuck at GND                                                                                                                               ;
; button     ; Input ; Info     ; Stuck at GND                                                                                                                               ;
+------------+-------+----------+--------------------------------------------------------------------------------------------------------------------------------------------+


+----------------------------------------------------------------------------------------------------------------------+
; Port Connectivity Checks: "game_fsm:game|game_core:game_inst|Background_renderer:background|timer_module:timer_inst" ;
+-------+--------+----------+------------------------------------------------------------------------------------------+
; Port  ; Type   ; Severity ; Details                                                                                  ;
+-------+--------+----------+------------------------------------------------------------------------------------------+
; count ; Output ; Info     ; Connected to dangling logic. Logic that only feeds a dangling port will be removed.      ;
+-------+--------+----------+------------------------------------------------------------------------------------------+


+------------------------------------------------------------------------------------------------------------------------+
; Port Connectivity Checks: "game_fsm:game|game_core:game_inst|Sprite_renderer:render1"                                  ;
+--------------+--------+----------+-------------------------------------------------------------------------------------+
; Port         ; Type   ; Severity ; Details                                                                             ;
+--------------+--------+----------+-------------------------------------------------------------------------------------+
; sprite_color ; Output ; Info     ; Connected to dangling logic. Logic that only feeds a dangling port will be removed. ;
+--------------+--------+----------+-------------------------------------------------------------------------------------+


+---------------------------------------------------------------------------------------------------------------------+
; Port Connectivity Checks: "game_fsm:game|game_core:game_inst|Sprite_FSM:fsm_p2"                                     ;
+-----------+--------+----------+-------------------------------------------------------------------------------------+
; Port      ; Type   ; Severity ; Details                                                                             ;
+-----------+--------+----------+-------------------------------------------------------------------------------------+
; move_flag ; Output ; Info     ; Connected to dangling logic. Logic that only feeds a dangling port will be removed. ;
+-----------+--------+----------+-------------------------------------------------------------------------------------+


+---------------------------------------------------------------------------------------------------------------------+
; Port Connectivity Checks: "game_fsm:game|game_core:game_inst|Sprite_FSM:fsm_p1"                                     ;
+-----------+--------+----------+-------------------------------------------------------------------------------------+
; Port      ; Type   ; Severity ; Details                                                                             ;
+-----------+--------+----------+-------------------------------------------------------------------------------------+
; move_flag ; Output ; Info     ; Connected to dangling logic. Logic that only feeds a dangling port will be removed. ;
+-----------+--------+----------+-------------------------------------------------------------------------------------+


+---------------------------------------------------------------------------------------+
; Port Connectivity Checks: "game_fsm:game|game_core:game_inst|Clock_Divider:clock_fsm" ;
+-------+-------+----------+------------------------------------------------------------+
; Port  ; Type  ; Severity ; Details                                                    ;
+-------+-------+----------+------------------------------------------------------------+
; reset ; Input ; Info     ; Stuck at GND                                               ;
+-------+-------+----------+------------------------------------------------------------+


+---------------------------------------------------------------------------------------+
; Port Connectivity Checks: "game_fsm:game|game_core:game_inst|Clock_Divider:clock_vga" ;
+------------+-------+----------+-------------------------------------------------------+
; Port       ; Type  ; Severity ; Details                                               ;
+------------+-------+----------+-------------------------------------------------------+
; clk_bypass ; Input ; Info     ; Stuck at GND                                          ;
; button     ; Input ; Info     ; Stuck at GND                                          ;
; reset      ; Input ; Info     ; Stuck at GND                                          ;
+------------+-------+----------+-------------------------------------------------------+


+---------------------------------------------------------------+
; Port Connectivity Checks: "game_fsm:game|Menu_Core:menu_inst" ;
+-------+-------+----------+------------------------------------+
; Port  ; Type  ; Severity ; Details                            ;
+-------+-------+----------+------------------------------------+
; reset ; Input ; Info     ; Stuck at GND                       ;
+-------+-------+----------+------------------------------------+


+-------------------------------------------------------------------------------------------------------------------------------------------------+
; Port Connectivity Checks: "game_fsm:game"                                                                                                       ;
+------------------+--------+----------+----------------------------------------------------------------------------------------------------------+
; Port             ; Type   ; Severity ; Details                                                                                                  ;
+------------------+--------+----------+----------------------------------------------------------------------------------------------------------+
; menu_enable      ; Output ; Warning  ; Declared by entity but not connected by instance. Logic that only feeds a dangling port will be removed. ;
; game_enable      ; Output ; Warning  ; Declared by entity but not connected by instance. Logic that only feeds a dangling port will be removed. ;
; game_over_enable ; Output ; Warning  ; Declared by entity but not connected by instance. Logic that only feeds a dangling port will be removed. ;
; game_mode        ; Output ; Warning  ; Declared by entity but not connected by instance. Logic that only feeds a dangling port will be removed. ;
; winner           ; Output ; Warning  ; Declared by entity but not connected by instance. Logic that only feeds a dangling port will be removed. ;
; leds             ; Output ; Warning  ; Declared by entity but not connected by instance. Logic that only feeds a dangling port will be removed. ;
+------------------+--------+----------+----------------------------------------------------------------------------------------------------------+


+-----------------------------------------------------------------------------------+
; Port Connectivity Checks: "CPU_logic:cpu|LFSR_16bit:my_lfsr|Shift_Register:shift" ;
+---------------------+-------+----------+------------------------------------------+
; Port                ; Type  ; Severity ; Details                                  ;
+---------------------+-------+----------+------------------------------------------+
; serial_in_left      ; Input ; Info     ; Stuck at GND                             ;
; parallel_in[11..10] ; Input ; Info     ; Stuck at VCC                             ;
; parallel_in[7..5]   ; Input ; Info     ; Stuck at VCC                             ;
; parallel_in[9..8]   ; Input ; Info     ; Stuck at GND                             ;
; parallel_in[4..1]   ; Input ; Info     ; Stuck at GND                             ;
; parallel_in[15]     ; Input ; Info     ; Stuck at VCC                             ;
; parallel_in[14]     ; Input ; Info     ; Stuck at GND                             ;
; parallel_in[13]     ; Input ; Info     ; Stuck at VCC                             ;
; parallel_in[12]     ; Input ; Info     ; Stuck at GND                             ;
; parallel_in[0]      ; Input ; Info     ; Stuck at VCC                             ;
+---------------------+-------+----------+------------------------------------------+


+-------------------------------------------------------------------+
; Port Connectivity Checks: "CPU_logic:cpu|Clock_Divider:clock_cpu" ;
+-------+-------+----------+----------------------------------------+
; Port  ; Type  ; Severity ; Details                                ;
+-------+-------+----------+----------------------------------------+
; reset ; Input ; Info     ; Stuck at GND                           ;
+-------+-------+----------+----------------------------------------+


+------------------------------------------------------------------------------------------------------------------------------+
; Port Connectivity Checks: "CPU_logic:cpu"                                                                                    ;
+--------------------+--------+----------+-------------------------------------------------------------------------------------+
; Port               ; Type   ; Severity ; Details                                                                             ;
+--------------------+--------+----------+-------------------------------------------------------------------------------------+
; reset              ; Input  ; Info     ; Stuck at GND                                                                        ;
; lfsr_output[12..0] ; Output ; Info     ; Connected to dangling logic. Logic that only feeds a dangling port will be removed. ;
+--------------------+--------+----------+-------------------------------------------------------------------------------------+


+---------------------------------------------------------------------------------------------------------------------+
; Port Connectivity Checks: "keypad_1x3:keypad_inst"                                                                  ;
+-----------+--------+----------+-------------------------------------------------------------------------------------+
; Port      ; Type   ; Severity ; Details                                                                             ;
+-----------+--------+----------+-------------------------------------------------------------------------------------+
; key_valid ; Output ; Info     ; Connected to dangling logic. Logic that only feeds a dangling port will be removed. ;
+-----------+--------+----------+-------------------------------------------------------------------------------------+


+-----------------------------------------------------+
; Post-Synthesis Netlist Statistics for Top Partition ;
+-----------------------+-----------------------------+
; Type                  ; Count                       ;
+-----------------------+-----------------------------+
; arriav_ff             ; 411                         ;
;     CLR               ; 11                          ;
;     CLR SCLR          ; 1                           ;
;     ENA               ; 2                           ;
;     ENA CLR           ; 25                          ;
;     ENA SCLR          ; 30                          ;
;     SCLR              ; 233                         ;
;     SCLR SLD          ; 5                           ;
;     plain             ; 104                         ;
; arriav_io_obuf        ; 36                          ;
; arriav_lcell_comb     ; 2199                        ;
;     arith             ; 586                         ;
;         0 data inputs ; 27                          ;
;         1 data inputs ; 458                         ;
;         2 data inputs ; 36                          ;
;         3 data inputs ; 23                          ;
;         4 data inputs ; 40                          ;
;         5 data inputs ; 2                           ;
;     extend            ; 18                          ;
;         7 data inputs ; 18                          ;
;     normal            ; 1585                        ;
;         0 data inputs ; 1                           ;
;         1 data inputs ; 11                          ;
;         2 data inputs ; 181                         ;
;         3 data inputs ; 215                         ;
;         4 data inputs ; 203                         ;
;         5 data inputs ; 352                         ;
;         6 data inputs ; 622                         ;
;     shared            ; 10                          ;
;         0 data inputs ; 2                           ;
;         1 data inputs ; 8                           ;
; boundary_port         ; 135                         ;
;                       ;                             ;
; Max LUT depth         ; 11.50                       ;
; Average LUT depth     ; 5.99                        ;
+-----------------------+-----------------------------+


+-------------------------------+
; Elapsed Time Per Partition    ;
+----------------+--------------+
; Partition Name ; Elapsed Time ;
+----------------+--------------+
; Top            ; 00:00:09     ;
+----------------+--------------+


+-------------------------------+
; Analysis & Synthesis Messages ;
+-------------------------------+
Info: *******************************************************************
Info: Running Quartus Prime Analysis & Synthesis
    Info: Version 23.1std.1 Build 993 05/14/2024 SC Lite Edition
    Info: Processing started: Tue Jun 24 19:46:17 2025
Info: Command: quartus_map --read_settings_files=on --write_settings_files=off FPGA_Footsies_Final -c FPGA_Footsies_Final
Warning (18236): Number of processors has not been specified which may cause overloading on shared machines.  Set the global assignment NUM_PARALLEL_PROCESSORS in your QSF to an appropriate value for best performance.
Info (20030): Parallel compilation is enabled and will use 4 of the 4 processors detected
Info (12021): Found 1 design units, including 1 entities, in source file timer_module.v
    Info (12023): Found entity 1: timer_module File: C:/Users/husey/Desktop/FPGA_Footsies_Final/timer_module.v Line: 2
Info (12021): Found 1 design units, including 1 entities, in source file digit_display.v
    Info (12023): Found entity 1: digit_display File: C:/Users/husey/Desktop/FPGA_Footsies_Final/digit_display.v Line: 2
Info (12021): Found 1 design units, including 1 entities, in source file counter_display.v
    Info (12023): Found entity 1: counter_display File: C:/Users/husey/Desktop/FPGA_Footsies_Final/counter_display.v Line: 2
Info (12021): Found 1 design units, including 1 entities, in source file counter_controller.v
    Info (12023): Found entity 1: counter_controller File: C:/Users/husey/Desktop/FPGA_Footsies_Final/counter_controller.v Line: 2
Info (12021): Found 1 design units, including 1 entities, in source file background_renderer.v
    Info (12023): Found entity 1: Background_renderer File: C:/Users/husey/Desktop/FPGA_Footsies_Final/Background_renderer.v Line: 2
Info (12021): Found 1 design units, including 1 entities, in source file clock_divider.v
    Info (12023): Found entity 1: Clock_Divider File: C:/Users/husey/Desktop/FPGA_Footsies_Final/Clock_Divider.v Line: 1
Info (12021): Found 1 design units, including 1 entities, in source file collision_logic.v
    Info (12023): Found entity 1: Collision_logic File: C:/Users/husey/Desktop/FPGA_Footsies_Final/Collision_logic.v Line: 2
Info (12021): Found 1 design units, including 1 entities, in source file counter.v
    Info (12023): Found entity 1: Counter File: C:/Users/husey/Desktop/FPGA_Footsies_Final/Counter.v Line: 1
Info (12021): Found 1 design units, including 1 entities, in source file cpu_logic.v
    Info (12023): Found entity 1: CPU_logic File: C:/Users/husey/Desktop/FPGA_Footsies_Final/CPU_logic.v Line: 1
Warning (10275): Verilog HDL Module Instantiation warning at FPGA_Footsies_Final.v(103): ignored dangling comma in List of Port Connections File: C:/Users/husey/Desktop/FPGA_Footsies_Final/FPGA_Footsies_Final.v Line: 103
Info (12021): Found 1 design units, including 1 entities, in source file fpga_footsies_final.v
    Info (12023): Found entity 1: FPGA_Footsies_Final File: C:/Users/husey/Desktop/FPGA_Footsies_Final/FPGA_Footsies_Final.v Line: 6
Info (12021): Found 1 design units, including 1 entities, in source file game_core.v
    Info (12023): Found entity 1: game_core File: C:/Users/husey/Desktop/FPGA_Footsies_Final/game_core.v Line: 1
Info (12021): Found 1 design units, including 1 entities, in source file game_fsm.v
    Info (12023): Found entity 1: game_fsm File: C:/Users/husey/Desktop/FPGA_Footsies_Final/game_fsm.v Line: 1
Info (12021): Found 1 design units, including 1 entities, in source file game_over_core.v
    Info (12023): Found entity 1: Game_Over_core File: C:/Users/husey/Desktop/FPGA_Footsies_Final/Game_Over_core.v Line: 1
Info (12021): Found 1 design units, including 1 entities, in source file health_block.v
    Info (12023): Found entity 1: Health_Block File: C:/Users/husey/Desktop/FPGA_Footsies_Final/Health_Block.v Line: 1
Info (12021): Found 1 design units, including 1 entities, in source file keypad_1x3.v
    Info (12023): Found entity 1: keypad_1x3 File: C:/Users/husey/Desktop/FPGA_Footsies_Final/keypad_1x3.v Line: 1
Info (12021): Found 1 design units, including 1 entities, in source file lfsr_16bit.v
    Info (12023): Found entity 1: LFSR_16bit File: C:/Users/husey/Desktop/FPGA_Footsies_Final/LFSR_16bit.v Line: 1
Info (12021): Found 1 design units, including 1 entities, in source file menu_core.v
    Info (12023): Found entity 1: Menu_Core File: C:/Users/husey/Desktop/FPGA_Footsies_Final/Menu_Core.v Line: 5
Info (12021): Found 1 design units, including 1 entities, in source file selection_arrow.v
    Info (12023): Found entity 1: selection_arrow File: C:/Users/husey/Desktop/FPGA_Footsies_Final/selection_arrow.v Line: 1
Info (12021): Found 1 design units, including 1 entities, in source file shift_register.v
    Info (12023): Found entity 1: Shift_Register File: C:/Users/husey/Desktop/FPGA_Footsies_Final/Shift_Register.v Line: 1
Info (12021): Found 1 design units, including 1 entities, in source file sprite_boxes.v
    Info (12023): Found entity 1: Sprite_boxes File: C:/Users/husey/Desktop/FPGA_Footsies_Final/Sprite_boxes.v Line: 1
Info (12021): Found 1 design units, including 1 entities, in source file sprite_fsm.v
    Info (12023): Found entity 1: Sprite_FSM File: C:/Users/husey/Desktop/FPGA_Footsies_Final/Sprite_FSM.v Line: 2
Info (12021): Found 1 design units, including 1 entities, in source file sprite_renderer.v
    Info (12023): Found entity 1: Sprite_renderer File: C:/Users/husey/Desktop/FPGA_Footsies_Final/Sprite_renderer.v Line: 1
Info (12021): Found 1 design units, including 1 entities, in source file text_display_game_over.v
    Info (12023): Found entity 1: text_display_game_over File: C:/Users/husey/Desktop/FPGA_Footsies_Final/text_display_game_over.v Line: 1
Info (12021): Found 1 design units, including 1 entities, in source file text_display_multi.v
    Info (12023): Found entity 1: text_display_multi File: C:/Users/husey/Desktop/FPGA_Footsies_Final/text_display_multi.v Line: 1
Info (12021): Found 1 design units, including 1 entities, in source file text_display_player_wins.v
    Info (12023): Found entity 1: text_display_player_wins File: C:/Users/husey/Desktop/FPGA_Footsies_Final/text_display_player_wins.v Line: 1
Info (12021): Found 1 design units, including 1 entities, in source file text_display_shadow.v
    Info (12023): Found entity 1: text_display_shadow File: C:/Users/husey/Desktop/FPGA_Footsies_Final/text_display_shadow.v Line: 1
Info (12021): Found 1 design units, including 1 entities, in source file text_display_single.v
    Info (12023): Found entity 1: text_display_single File: C:/Users/husey/Desktop/FPGA_Footsies_Final/text_display_single.v Line: 1
Info (12021): Found 1 design units, including 1 entities, in source file text_display_start.v
    Info (12023): Found entity 1: text_display_start File: C:/Users/husey/Desktop/FPGA_Footsies_Final/text_display_start.v Line: 1
Info (12021): Found 1 design units, including 1 entities, in source file vga_background.v
    Info (12023): Found entity 1: vga_background File: C:/Users/husey/Desktop/FPGA_Footsies_Final/vga_background.v Line: 1
Info (12021): Found 1 design units, including 1 entities, in source file vga_driver.v
    Info (12023): Found entity 1: vga_driver File: C:/Users/husey/Desktop/FPGA_Footsies_Final/vga_driver.v Line: 1
Info (12127): Elaborating entity "FPGA_Footsies_Final" for the top level hierarchy
Warning (10034): Output port "HEX0" at FPGA_Footsies_Final.v(15) has no driver File: C:/Users/husey/Desktop/FPGA_Footsies_Final/FPGA_Footsies_Final.v Line: 15
Warning (10034): Output port "HEX1" at FPGA_Footsies_Final.v(16) has no driver File: C:/Users/husey/Desktop/FPGA_Footsies_Final/FPGA_Footsies_Final.v Line: 16
Warning (10034): Output port "HEX2" at FPGA_Footsies_Final.v(17) has no driver File: C:/Users/husey/Desktop/FPGA_Footsies_Final/FPGA_Footsies_Final.v Line: 17
Warning (10034): Output port "HEX3" at FPGA_Footsies_Final.v(18) has no driver File: C:/Users/husey/Desktop/FPGA_Footsies_Final/FPGA_Footsies_Final.v Line: 18
Warning (10034): Output port "HEX4" at FPGA_Footsies_Final.v(19) has no driver File: C:/Users/husey/Desktop/FPGA_Footsies_Final/FPGA_Footsies_Final.v Line: 19
Warning (10034): Output port "HEX5" at FPGA_Footsies_Final.v(20) has no driver File: C:/Users/husey/Desktop/FPGA_Footsies_Final/FPGA_Footsies_Final.v Line: 20
Warning (10034): Output port "LEDR" at FPGA_Footsies_Final.v(26) has no driver File: C:/Users/husey/Desktop/FPGA_Footsies_Final/FPGA_Footsies_Final.v Line: 26
Info (12128): Elaborating entity "Clock_Divider" for hierarchy "Clock_Divider:clk_div_inst" File: C:/Users/husey/Desktop/FPGA_Footsies_Final/FPGA_Footsies_Final.v Line: 65
Info (12128): Elaborating entity "Counter" for hierarchy "Clock_Divider:clk_div_inst|Counter:count_inst" File: C:/Users/husey/Desktop/FPGA_Footsies_Final/Clock_Divider.v Line: 18
Info (12128): Elaborating entity "keypad_1x3" for hierarchy "keypad_1x3:keypad_inst" File: C:/Users/husey/Desktop/FPGA_Footsies_Final/FPGA_Footsies_Final.v Line: 75
Info (12128): Elaborating entity "CPU_logic" for hierarchy "CPU_logic:cpu" File: C:/Users/husey/Desktop/FPGA_Footsies_Final/FPGA_Footsies_Final.v Line: 84
Info (12128): Elaborating entity "Clock_Divider" for hierarchy "CPU_logic:cpu|Clock_Divider:clock_cpu" File: C:/Users/husey/Desktop/FPGA_Footsies_Final/CPU_logic.v Line: 18
Info (12128): Elaborating entity "LFSR_16bit" for hierarchy "CPU_logic:cpu|LFSR_16bit:my_lfsr" File: C:/Users/husey/Desktop/FPGA_Footsies_Final/CPU_logic.v Line: 25
Info (12128): Elaborating entity "Shift_Register" for hierarchy "CPU_logic:cpu|LFSR_16bit:my_lfsr|Shift_Register:shift" File: C:/Users/husey/Desktop/FPGA_Footsies_Final/LFSR_16bit.v Line: 31
Info (12128): Elaborating entity "game_fsm" for hierarchy "game_fsm:game" File: C:/Users/husey/Desktop/FPGA_Footsies_Final/FPGA_Footsies_Final.v Line: 103
Warning (10036): Verilog HDL or VHDL warning at game_fsm.v(139): object "internal_reset" assigned a value but never read File: C:/Users/husey/Desktop/FPGA_Footsies_Final/game_fsm.v Line: 139
Warning (10270): Verilog HDL Case Statement warning at game_fsm.v(108): incomplete case statement has no default case item File: C:/Users/husey/Desktop/FPGA_Footsies_Final/game_fsm.v Line: 108
Info (12128): Elaborating entity "Menu_Core" for hierarchy "game_fsm:game|Menu_Core:menu_inst" File: C:/Users/husey/Desktop/FPGA_Footsies_Final/game_fsm.v Line: 181
Info (12128): Elaborating entity "vga_background" for hierarchy "game_fsm:game|Menu_Core:menu_inst|vga_background:bg_module" File: C:/Users/husey/Desktop/FPGA_Footsies_Final/Menu_Core.v Line: 71
Info (12128): Elaborating entity "text_display_shadow" for hierarchy "game_fsm:game|Menu_Core:menu_inst|text_display_shadow:text_module_shadow" File: C:/Users/husey/Desktop/FPGA_Footsies_Final/Menu_Core.v Line: 83
Warning (10230): Verilog HDL assignment warning at text_display_shadow.v(19): truncated value with size 32 to match size of target (10) File: C:/Users/husey/Desktop/FPGA_Footsies_Final/text_display_shadow.v Line: 19
Warning (10230): Verilog HDL assignment warning at text_display_shadow.v(20): truncated value with size 32 to match size of target (10) File: C:/Users/husey/Desktop/FPGA_Footsies_Final/text_display_shadow.v Line: 20
Warning (10230): Verilog HDL assignment warning at text_display_shadow.v(29): truncated value with size 10 to match size of target (4) File: C:/Users/husey/Desktop/FPGA_Footsies_Final/text_display_shadow.v Line: 29
Warning (10230): Verilog HDL assignment warning at text_display_shadow.v(30): truncated value with size 32 to match size of target (4) File: C:/Users/husey/Desktop/FPGA_Footsies_Final/text_display_shadow.v Line: 30
Warning (10230): Verilog HDL assignment warning at text_display_shadow.v(31): truncated value with size 32 to match size of target (5) File: C:/Users/husey/Desktop/FPGA_Footsies_Final/text_display_shadow.v Line: 31
Info (12128): Elaborating entity "text_display_single" for hierarchy "game_fsm:game|Menu_Core:menu_inst|text_display_single:text_module_single" File: C:/Users/husey/Desktop/FPGA_Footsies_Final/Menu_Core.v Line: 95
Warning (10230): Verilog HDL assignment warning at text_display_single.v(19): truncated value with size 32 to match size of target (10) File: C:/Users/husey/Desktop/FPGA_Footsies_Final/text_display_single.v Line: 19
Warning (10230): Verilog HDL assignment warning at text_display_single.v(20): truncated value with size 32 to match size of target (10) File: C:/Users/husey/Desktop/FPGA_Footsies_Final/text_display_single.v Line: 20
Warning (10230): Verilog HDL assignment warning at text_display_single.v(29): truncated value with size 10 to match size of target (4) File: C:/Users/husey/Desktop/FPGA_Footsies_Final/text_display_single.v Line: 29
Warning (10230): Verilog HDL assignment warning at text_display_single.v(30): truncated value with size 10 to match size of target (3) File: C:/Users/husey/Desktop/FPGA_Footsies_Final/text_display_single.v Line: 30
Warning (10230): Verilog HDL assignment warning at text_display_single.v(31): truncated value with size 10 to match size of target (4) File: C:/Users/husey/Desktop/FPGA_Footsies_Final/text_display_single.v Line: 31
Info (12128): Elaborating entity "text_display_multi" for hierarchy "game_fsm:game|Menu_Core:menu_inst|text_display_multi:text_module_multi" File: C:/Users/husey/Desktop/FPGA_Footsies_Final/Menu_Core.v Line: 107
Warning (10230): Verilog HDL assignment warning at text_display_multi.v(19): truncated value with size 32 to match size of target (10) File: C:/Users/husey/Desktop/FPGA_Footsies_Final/text_display_multi.v Line: 19
Warning (10230): Verilog HDL assignment warning at text_display_multi.v(20): truncated value with size 32 to match size of target (10) File: C:/Users/husey/Desktop/FPGA_Footsies_Final/text_display_multi.v Line: 20
Warning (10230): Verilog HDL assignment warning at text_display_multi.v(29): truncated value with size 10 to match size of target (4) File: C:/Users/husey/Desktop/FPGA_Footsies_Final/text_display_multi.v Line: 29
Warning (10230): Verilog HDL assignment warning at text_display_multi.v(30): truncated value with size 10 to match size of target (3) File: C:/Users/husey/Desktop/FPGA_Footsies_Final/text_display_multi.v Line: 30
Warning (10230): Verilog HDL assignment warning at text_display_multi.v(31): truncated value with size 10 to match size of target (4) File: C:/Users/husey/Desktop/FPGA_Footsies_Final/text_display_multi.v Line: 31
Info (12128): Elaborating entity "selection_arrow" for hierarchy "game_fsm:game|Menu_Core:menu_inst|selection_arrow:arrow_module" File: C:/Users/husey/Desktop/FPGA_Footsies_Final/Menu_Core.v Line: 120
Warning (10230): Verilog HDL assignment warning at selection_arrow.v(23): truncated value with size 32 to match size of target (10) File: C:/Users/husey/Desktop/FPGA_Footsies_Final/selection_arrow.v Line: 23
Warning (10230): Verilog HDL assignment warning at selection_arrow.v(24): truncated value with size 32 to match size of target (10) File: C:/Users/husey/Desktop/FPGA_Footsies_Final/selection_arrow.v Line: 24
Warning (10230): Verilog HDL assignment warning at selection_arrow.v(27): truncated value with size 32 to match size of target (10) File: C:/Users/husey/Desktop/FPGA_Footsies_Final/selection_arrow.v Line: 27
Warning (10230): Verilog HDL assignment warning at selection_arrow.v(28): truncated value with size 32 to match size of target (10) File: C:/Users/husey/Desktop/FPGA_Footsies_Final/selection_arrow.v Line: 28
Warning (10230): Verilog HDL assignment warning at selection_arrow.v(46): truncated value with size 10 to match size of target (5) File: C:/Users/husey/Desktop/FPGA_Footsies_Final/selection_arrow.v Line: 46
Warning (10230): Verilog HDL assignment warning at selection_arrow.v(47): truncated value with size 10 to match size of target (4) File: C:/Users/husey/Desktop/FPGA_Footsies_Final/selection_arrow.v Line: 47
Info (12128): Elaborating entity "text_display_start" for hierarchy "game_fsm:game|Menu_Core:menu_inst|text_display_start:text_module_start" File: C:/Users/husey/Desktop/FPGA_Footsies_Final/Menu_Core.v Line: 132
Warning (10230): Verilog HDL assignment warning at text_display_start.v(19): truncated value with size 32 to match size of target (10) File: C:/Users/husey/Desktop/FPGA_Footsies_Final/text_display_start.v Line: 19
Warning (10230): Verilog HDL assignment warning at text_display_start.v(29): truncated value with size 10 to match size of target (5) File: C:/Users/husey/Desktop/FPGA_Footsies_Final/text_display_start.v Line: 29
Warning (10230): Verilog HDL assignment warning at text_display_start.v(30): truncated value with size 10 to match size of target (3) File: C:/Users/husey/Desktop/FPGA_Footsies_Final/text_display_start.v Line: 30
Warning (10230): Verilog HDL assignment warning at text_display_start.v(31): truncated value with size 10 to match size of target (4) File: C:/Users/husey/Desktop/FPGA_Footsies_Final/text_display_start.v Line: 31
Info (12128): Elaborating entity "vga_driver" for hierarchy "game_fsm:game|Menu_Core:menu_inst|vga_driver:vga_ctrl" File: C:/Users/husey/Desktop/FPGA_Footsies_Final/Menu_Core.v Line: 151
Info (12128): Elaborating entity "game_core" for hierarchy "game_fsm:game|game_core:game_inst" File: C:/Users/husey/Desktop/FPGA_Footsies_Final/game_fsm.v Line: 206
Info (12128): Elaborating entity "Clock_Divider" for hierarchy "game_fsm:game|game_core:game_inst|Clock_Divider:clock_vga" File: C:/Users/husey/Desktop/FPGA_Footsies_Final/game_core.v Line: 51
Info (12128): Elaborating entity "Clock_Divider" for hierarchy "game_fsm:game|game_core:game_inst|Clock_Divider:clock_fsm" File: C:/Users/husey/Desktop/FPGA_Footsies_Final/game_core.v Line: 60
Info (12128): Elaborating entity "Sprite_FSM" for hierarchy "game_fsm:game|game_core:game_inst|Sprite_FSM:fsm_p1" File: C:/Users/husey/Desktop/FPGA_Footsies_Final/game_core.v Line: 250
Warning (10230): Verilog HDL assignment warning at Sprite_FSM.v(104): truncated value with size 32 to match size of target (6) File: C:/Users/husey/Desktop/FPGA_Footsies_Final/Sprite_FSM.v Line: 104
Warning (10230): Verilog HDL assignment warning at Sprite_FSM.v(112): truncated value with size 32 to match size of target (6) File: C:/Users/husey/Desktop/FPGA_Footsies_Final/Sprite_FSM.v Line: 112
Warning (10230): Verilog HDL assignment warning at Sprite_FSM.v(120): truncated value with size 32 to match size of target (6) File: C:/Users/husey/Desktop/FPGA_Footsies_Final/Sprite_FSM.v Line: 120
Warning (10230): Verilog HDL assignment warning at Sprite_FSM.v(128): truncated value with size 32 to match size of target (6) File: C:/Users/husey/Desktop/FPGA_Footsies_Final/Sprite_FSM.v Line: 128
Warning (10230): Verilog HDL assignment warning at Sprite_FSM.v(136): truncated value with size 32 to match size of target (6) File: C:/Users/husey/Desktop/FPGA_Footsies_Final/Sprite_FSM.v Line: 136
Warning (10230): Verilog HDL assignment warning at Sprite_FSM.v(144): truncated value with size 32 to match size of target (6) File: C:/Users/husey/Desktop/FPGA_Footsies_Final/Sprite_FSM.v Line: 144
Warning (10230): Verilog HDL assignment warning at Sprite_FSM.v(153): truncated value with size 32 to match size of target (6) File: C:/Users/husey/Desktop/FPGA_Footsies_Final/Sprite_FSM.v Line: 153
Warning (10230): Verilog HDL assignment warning at Sprite_FSM.v(162): truncated value with size 32 to match size of target (6) File: C:/Users/husey/Desktop/FPGA_Footsies_Final/Sprite_FSM.v Line: 162
Info (12128): Elaborating entity "Sprite_renderer" for hierarchy "game_fsm:game|game_core:game_inst|Sprite_renderer:render1" File: C:/Users/husey/Desktop/FPGA_Footsies_Final/game_core.v Line: 278
Warning (10230): Verilog HDL assignment warning at Sprite_renderer.v(34): truncated value with size 32 to match size of target (10) File: C:/Users/husey/Desktop/FPGA_Footsies_Final/Sprite_renderer.v Line: 34
Warning (10230): Verilog HDL assignment warning at Sprite_renderer.v(47): truncated value with size 32 to match size of target (10) File: C:/Users/husey/Desktop/FPGA_Footsies_Final/Sprite_renderer.v Line: 47
Warning (10230): Verilog HDL assignment warning at Sprite_renderer.v(61): truncated value with size 32 to match size of target (10) File: C:/Users/husey/Desktop/FPGA_Footsies_Final/Sprite_renderer.v Line: 61
Info (10264): Verilog HDL Case Statement information at Sprite_renderer.v(37): all case item expressions in this case statement are onehot File: C:/Users/husey/Desktop/FPGA_Footsies_Final/Sprite_renderer.v Line: 37
Info (12128): Elaborating entity "Sprite_renderer" for hierarchy "game_fsm:game|game_core:game_inst|Sprite_renderer:render2" File: C:/Users/husey/Desktop/FPGA_Footsies_Final/game_core.v Line: 291
Warning (10230): Verilog HDL assignment warning at Sprite_renderer.v(34): truncated value with size 32 to match size of target (10) File: C:/Users/husey/Desktop/FPGA_Footsies_Final/Sprite_renderer.v Line: 34
Warning (10230): Verilog HDL assignment warning at Sprite_renderer.v(41): truncated value with size 32 to match size of target (10) File: C:/Users/husey/Desktop/FPGA_Footsies_Final/Sprite_renderer.v Line: 41
Warning (10230): Verilog HDL assignment warning at Sprite_renderer.v(56): truncated value with size 32 to match size of target (10) File: C:/Users/husey/Desktop/FPGA_Footsies_Final/Sprite_renderer.v Line: 56
Info (10264): Verilog HDL Case Statement information at Sprite_renderer.v(37): all case item expressions in this case statement are onehot File: C:/Users/husey/Desktop/FPGA_Footsies_Final/Sprite_renderer.v Line: 37
Info (12128): Elaborating entity "Background_renderer" for hierarchy "game_fsm:game|game_core:game_inst|Background_renderer:background" File: C:/Users/husey/Desktop/FPGA_Footsies_Final/game_core.v Line: 305
Warning (10230): Verilog HDL assignment warning at Background_renderer.v(58): truncated value with size 32 to match size of target (10) File: C:/Users/husey/Desktop/FPGA_Footsies_Final/Background_renderer.v Line: 58
Warning (10230): Verilog HDL assignment warning at Background_renderer.v(59): truncated value with size 32 to match size of target (10) File: C:/Users/husey/Desktop/FPGA_Footsies_Final/Background_renderer.v Line: 59
Warning (10230): Verilog HDL assignment warning at Background_renderer.v(60): truncated value with size 32 to match size of target (10) File: C:/Users/husey/Desktop/FPGA_Footsies_Final/Background_renderer.v Line: 60
Warning (10230): Verilog HDL assignment warning at Background_renderer.v(61): truncated value with size 32 to match size of target (10) File: C:/Users/husey/Desktop/FPGA_Footsies_Final/Background_renderer.v Line: 61
Warning (10230): Verilog HDL assignment warning at Background_renderer.v(64): truncated value with size 32 to match size of target (10) File: C:/Users/husey/Desktop/FPGA_Footsies_Final/Background_renderer.v Line: 64
Warning (10230): Verilog HDL assignment warning at Background_renderer.v(65): truncated value with size 32 to match size of target (10) File: C:/Users/husey/Desktop/FPGA_Footsies_Final/Background_renderer.v Line: 65
Warning (10230): Verilog HDL assignment warning at Background_renderer.v(66): truncated value with size 32 to match size of target (10) File: C:/Users/husey/Desktop/FPGA_Footsies_Final/Background_renderer.v Line: 66
Warning (10230): Verilog HDL assignment warning at Background_renderer.v(84): truncated value with size 32 to match size of target (10) File: C:/Users/husey/Desktop/FPGA_Footsies_Final/Background_renderer.v Line: 84
Warning (10230): Verilog HDL assignment warning at Background_renderer.v(85): truncated value with size 32 to match size of target (10) File: C:/Users/husey/Desktop/FPGA_Footsies_Final/Background_renderer.v Line: 85
Warning (10230): Verilog HDL assignment warning at Background_renderer.v(86): truncated value with size 32 to match size of target (10) File: C:/Users/husey/Desktop/FPGA_Footsies_Final/Background_renderer.v Line: 86
Warning (10230): Verilog HDL assignment warning at Background_renderer.v(87): truncated value with size 32 to match size of target (10) File: C:/Users/husey/Desktop/FPGA_Footsies_Final/Background_renderer.v Line: 87
Warning (10230): Verilog HDL assignment warning at Background_renderer.v(90): truncated value with size 32 to match size of target (10) File: C:/Users/husey/Desktop/FPGA_Footsies_Final/Background_renderer.v Line: 90
Warning (10230): Verilog HDL assignment warning at Background_renderer.v(91): truncated value with size 32 to match size of target (10) File: C:/Users/husey/Desktop/FPGA_Footsies_Final/Background_renderer.v Line: 91
Warning (10230): Verilog HDL assignment warning at Background_renderer.v(92): truncated value with size 32 to match size of target (10) File: C:/Users/husey/Desktop/FPGA_Footsies_Final/Background_renderer.v Line: 92
Warning (10230): Verilog HDL assignment warning at Background_renderer.v(93): truncated value with size 32 to match size of target (10) File: C:/Users/husey/Desktop/FPGA_Footsies_Final/Background_renderer.v Line: 93
Info (12128): Elaborating entity "timer_module" for hierarchy "game_fsm:game|game_core:game_inst|Background_renderer:background|timer_module:timer_inst" File: C:/Users/husey/Desktop/FPGA_Footsies_Final/Background_renderer.v Line: 38
Info (12128): Elaborating entity "counter_controller" for hierarchy "game_fsm:game|game_core:game_inst|Background_renderer:background|timer_module:timer_inst|counter_controller:counter_ctrl" File: C:/Users/husey/Desktop/FPGA_Footsies_Final/timer_module.v Line: 21
Warning (10230): Verilog HDL assignment warning at counter_controller.v(27): truncated value with size 32 to match size of target (7) File: C:/Users/husey/Desktop/FPGA_Footsies_Final/counter_controller.v Line: 27
Info (12128): Elaborating entity "counter_display" for hierarchy "game_fsm:game|game_core:game_inst|Background_renderer:background|timer_module:timer_inst|counter_display:counter_disp" File: C:/Users/husey/Desktop/FPGA_Footsies_Final/timer_module.v Line: 29
Warning (10230): Verilog HDL assignment warning at counter_display.v(15): truncated value with size 32 to match size of target (4) File: C:/Users/husey/Desktop/FPGA_Footsies_Final/counter_display.v Line: 15
Warning (10230): Verilog HDL assignment warning at counter_display.v(16): truncated value with size 32 to match size of target (4) File: C:/Users/husey/Desktop/FPGA_Footsies_Final/counter_display.v Line: 16
Info (12128): Elaborating entity "digit_display" for hierarchy "game_fsm:game|game_core:game_inst|Background_renderer:background|timer_module:timer_inst|counter_display:counter_disp|digit_display:tens_display" File: C:/Users/husey/Desktop/FPGA_Footsies_Final/counter_display.v Line: 29
Warning (10230): Verilog HDL assignment warning at digit_display.v(21): truncated value with size 10 to match size of target (3) File: C:/Users/husey/Desktop/FPGA_Footsies_Final/digit_display.v Line: 21
Warning (10230): Verilog HDL assignment warning at digit_display.v(22): truncated value with size 10 to match size of target (4) File: C:/Users/husey/Desktop/FPGA_Footsies_Final/digit_display.v Line: 22
Info (12128): Elaborating entity "Sprite_boxes" for hierarchy "game_fsm:game|game_core:game_inst|Sprite_boxes:boxes1" File: C:/Users/husey/Desktop/FPGA_Footsies_Final/game_core.v Line: 332
Warning (10230): Verilog HDL assignment warning at Sprite_boxes.v(73): truncated value with size 32 to match size of target (10) File: C:/Users/husey/Desktop/FPGA_Footsies_Final/Sprite_boxes.v Line: 73
Warning (10230): Verilog HDL assignment warning at Sprite_boxes.v(74): truncated value with size 32 to match size of target (10) File: C:/Users/husey/Desktop/FPGA_Footsies_Final/Sprite_boxes.v Line: 74
Warning (10230): Verilog HDL assignment warning at Sprite_boxes.v(82): truncated value with size 32 to match size of target (10) File: C:/Users/husey/Desktop/FPGA_Footsies_Final/Sprite_boxes.v Line: 82
Warning (10230): Verilog HDL assignment warning at Sprite_boxes.v(89): truncated value with size 32 to match size of target (10) File: C:/Users/husey/Desktop/FPGA_Footsies_Final/Sprite_boxes.v Line: 89
Warning (10230): Verilog HDL assignment warning at Sprite_boxes.v(90): truncated value with size 32 to match size of target (10) File: C:/Users/husey/Desktop/FPGA_Footsies_Final/Sprite_boxes.v Line: 90
Warning (10230): Verilog HDL assignment warning at Sprite_boxes.v(94): truncated value with size 32 to match size of target (10) File: C:/Users/husey/Desktop/FPGA_Footsies_Final/Sprite_boxes.v Line: 94
Warning (10230): Verilog HDL assignment warning at Sprite_boxes.v(95): truncated value with size 32 to match size of target (10) File: C:/Users/husey/Desktop/FPGA_Footsies_Final/Sprite_boxes.v Line: 95
Warning (10230): Verilog HDL assignment warning at Sprite_boxes.v(109): truncated value with size 32 to match size of target (10) File: C:/Users/husey/Desktop/FPGA_Footsies_Final/Sprite_boxes.v Line: 109
Warning (10230): Verilog HDL assignment warning at Sprite_boxes.v(117): truncated value with size 32 to match size of target (10) File: C:/Users/husey/Desktop/FPGA_Footsies_Final/Sprite_boxes.v Line: 117
Warning (10230): Verilog HDL assignment warning at Sprite_boxes.v(119): truncated value with size 32 to match size of target (10) File: C:/Users/husey/Desktop/FPGA_Footsies_Final/Sprite_boxes.v Line: 119
Warning (10230): Verilog HDL assignment warning at Sprite_boxes.v(120): truncated value with size 32 to match size of target (10) File: C:/Users/husey/Desktop/FPGA_Footsies_Final/Sprite_boxes.v Line: 120
Warning (10230): Verilog HDL assignment warning at Sprite_boxes.v(127): truncated value with size 32 to match size of target (10) File: C:/Users/husey/Desktop/FPGA_Footsies_Final/Sprite_boxes.v Line: 127
Warning (10230): Verilog HDL assignment warning at Sprite_boxes.v(128): truncated value with size 32 to match size of target (10) File: C:/Users/husey/Desktop/FPGA_Footsies_Final/Sprite_boxes.v Line: 128
Warning (10230): Verilog HDL assignment warning at Sprite_boxes.v(139): truncated value with size 32 to match size of target (10) File: C:/Users/husey/Desktop/FPGA_Footsies_Final/Sprite_boxes.v Line: 139
Warning (10230): Verilog HDL assignment warning at Sprite_boxes.v(146): truncated value with size 32 to match size of target (10) File: C:/Users/husey/Desktop/FPGA_Footsies_Final/Sprite_boxes.v Line: 146
Warning (10230): Verilog HDL assignment warning at Sprite_boxes.v(147): truncated value with size 32 to match size of target (10) File: C:/Users/husey/Desktop/FPGA_Footsies_Final/Sprite_boxes.v Line: 147
Warning (10230): Verilog HDL assignment warning at Sprite_boxes.v(151): truncated value with size 32 to match size of target (10) File: C:/Users/husey/Desktop/FPGA_Footsies_Final/Sprite_boxes.v Line: 151
Warning (10230): Verilog HDL assignment warning at Sprite_boxes.v(152): truncated value with size 32 to match size of target (10) File: C:/Users/husey/Desktop/FPGA_Footsies_Final/Sprite_boxes.v Line: 152
Warning (10230): Verilog HDL assignment warning at Sprite_boxes.v(166): truncated value with size 32 to match size of target (10) File: C:/Users/husey/Desktop/FPGA_Footsies_Final/Sprite_boxes.v Line: 166
Warning (10230): Verilog HDL assignment warning at Sprite_boxes.v(174): truncated value with size 32 to match size of target (10) File: C:/Users/husey/Desktop/FPGA_Footsies_Final/Sprite_boxes.v Line: 174
Warning (10230): Verilog HDL assignment warning at Sprite_boxes.v(176): truncated value with size 32 to match size of target (10) File: C:/Users/husey/Desktop/FPGA_Footsies_Final/Sprite_boxes.v Line: 176
Warning (10230): Verilog HDL assignment warning at Sprite_boxes.v(177): truncated value with size 32 to match size of target (10) File: C:/Users/husey/Desktop/FPGA_Footsies_Final/Sprite_boxes.v Line: 177
Warning (10230): Verilog HDL assignment warning at Sprite_boxes.v(184): truncated value with size 32 to match size of target (10) File: C:/Users/husey/Desktop/FPGA_Footsies_Final/Sprite_boxes.v Line: 184
Warning (10230): Verilog HDL assignment warning at Sprite_boxes.v(185): truncated value with size 32 to match size of target (10) File: C:/Users/husey/Desktop/FPGA_Footsies_Final/Sprite_boxes.v Line: 185
Warning (10230): Verilog HDL assignment warning at Sprite_boxes.v(196): truncated value with size 32 to match size of target (10) File: C:/Users/husey/Desktop/FPGA_Footsies_Final/Sprite_boxes.v Line: 196
Warning (10240): Verilog HDL Always Construct warning at Sprite_boxes.v(52): inferring latch(es) for variable "temp_hitbox_x1", which holds its previous value in one or more paths through the always construct File: C:/Users/husey/Desktop/FPGA_Footsies_Final/Sprite_boxes.v Line: 52
Warning (10240): Verilog HDL Always Construct warning at Sprite_boxes.v(52): inferring latch(es) for variable "temp_hitbox_x2", which holds its previous value in one or more paths through the always construct File: C:/Users/husey/Desktop/FPGA_Footsies_Final/Sprite_boxes.v Line: 52
Info (12128): Elaborating entity "Sprite_boxes" for hierarchy "game_fsm:game|game_core:game_inst|Sprite_boxes:boxes2" File: C:/Users/husey/Desktop/FPGA_Footsies_Final/game_core.v Line: 358
Warning (10230): Verilog HDL assignment warning at Sprite_boxes.v(73): truncated value with size 32 to match size of target (10) File: C:/Users/husey/Desktop/FPGA_Footsies_Final/Sprite_boxes.v Line: 73
Warning (10230): Verilog HDL assignment warning at Sprite_boxes.v(74): truncated value with size 32 to match size of target (10) File: C:/Users/husey/Desktop/FPGA_Footsies_Final/Sprite_boxes.v Line: 74
Warning (10230): Verilog HDL assignment warning at Sprite_boxes.v(82): truncated value with size 32 to match size of target (10) File: C:/Users/husey/Desktop/FPGA_Footsies_Final/Sprite_boxes.v Line: 82
Warning (10230): Verilog HDL assignment warning at Sprite_boxes.v(86): truncated value with size 32 to match size of target (10) File: C:/Users/husey/Desktop/FPGA_Footsies_Final/Sprite_boxes.v Line: 86
Warning (10230): Verilog HDL assignment warning at Sprite_boxes.v(94): truncated value with size 32 to match size of target (10) File: C:/Users/husey/Desktop/FPGA_Footsies_Final/Sprite_boxes.v Line: 94
Warning (10230): Verilog HDL assignment warning at Sprite_boxes.v(95): truncated value with size 32 to match size of target (10) File: C:/Users/husey/Desktop/FPGA_Footsies_Final/Sprite_boxes.v Line: 95
Warning (10230): Verilog HDL assignment warning at Sprite_boxes.v(109): truncated value with size 32 to match size of target (10) File: C:/Users/husey/Desktop/FPGA_Footsies_Final/Sprite_boxes.v Line: 109
Warning (10230): Verilog HDL assignment warning at Sprite_boxes.v(113): truncated value with size 32 to match size of target (10) File: C:/Users/husey/Desktop/FPGA_Footsies_Final/Sprite_boxes.v Line: 113
Warning (10230): Verilog HDL assignment warning at Sprite_boxes.v(119): truncated value with size 32 to match size of target (10) File: C:/Users/husey/Desktop/FPGA_Footsies_Final/Sprite_boxes.v Line: 119
Warning (10230): Verilog HDL assignment warning at Sprite_boxes.v(120): truncated value with size 32 to match size of target (10) File: C:/Users/husey/Desktop/FPGA_Footsies_Final/Sprite_boxes.v Line: 120
Warning (10230): Verilog HDL assignment warning at Sprite_boxes.v(124): truncated value with size 32 to match size of target (10) File: C:/Users/husey/Desktop/FPGA_Footsies_Final/Sprite_boxes.v Line: 124
Warning (10230): Verilog HDL assignment warning at Sprite_boxes.v(139): truncated value with size 32 to match size of target (10) File: C:/Users/husey/Desktop/FPGA_Footsies_Final/Sprite_boxes.v Line: 139
Warning (10230): Verilog HDL assignment warning at Sprite_boxes.v(143): truncated value with size 32 to match size of target (10) File: C:/Users/husey/Desktop/FPGA_Footsies_Final/Sprite_boxes.v Line: 143
Warning (10230): Verilog HDL assignment warning at Sprite_boxes.v(151): truncated value with size 32 to match size of target (10) File: C:/Users/husey/Desktop/FPGA_Footsies_Final/Sprite_boxes.v Line: 151
Warning (10230): Verilog HDL assignment warning at Sprite_boxes.v(152): truncated value with size 32 to match size of target (10) File: C:/Users/husey/Desktop/FPGA_Footsies_Final/Sprite_boxes.v Line: 152
Warning (10230): Verilog HDL assignment warning at Sprite_boxes.v(166): truncated value with size 32 to match size of target (10) File: C:/Users/husey/Desktop/FPGA_Footsies_Final/Sprite_boxes.v Line: 166
Warning (10230): Verilog HDL assignment warning at Sprite_boxes.v(170): truncated value with size 32 to match size of target (10) File: C:/Users/husey/Desktop/FPGA_Footsies_Final/Sprite_boxes.v Line: 170
Warning (10230): Verilog HDL assignment warning at Sprite_boxes.v(176): truncated value with size 32 to match size of target (10) File: C:/Users/husey/Desktop/FPGA_Footsies_Final/Sprite_boxes.v Line: 176
Warning (10230): Verilog HDL assignment warning at Sprite_boxes.v(177): truncated value with size 32 to match size of target (10) File: C:/Users/husey/Desktop/FPGA_Footsies_Final/Sprite_boxes.v Line: 177
Warning (10230): Verilog HDL assignment warning at Sprite_boxes.v(181): truncated value with size 32 to match size of target (10) File: C:/Users/husey/Desktop/FPGA_Footsies_Final/Sprite_boxes.v Line: 181
Warning (10230): Verilog HDL assignment warning at Sprite_boxes.v(196): truncated value with size 32 to match size of target (10) File: C:/Users/husey/Desktop/FPGA_Footsies_Final/Sprite_boxes.v Line: 196
Warning (10240): Verilog HDL Always Construct warning at Sprite_boxes.v(52): inferring latch(es) for variable "temp_hitbox_x1", which holds its previous value in one or more paths through the always construct File: C:/Users/husey/Desktop/FPGA_Footsies_Final/Sprite_boxes.v Line: 52
Warning (10240): Verilog HDL Always Construct warning at Sprite_boxes.v(52): inferring latch(es) for variable "temp_hitbox_x2", which holds its previous value in one or more paths through the always construct File: C:/Users/husey/Desktop/FPGA_Footsies_Final/Sprite_boxes.v Line: 52
Info (12128): Elaborating entity "Collision_logic" for hierarchy "game_fsm:game|game_core:game_inst|Collision_logic:col_p1_hits_p2" File: C:/Users/husey/Desktop/FPGA_Footsies_Final/game_core.v Line: 385
Info (12128): Elaborating entity "Health_Block" for hierarchy "game_fsm:game|game_core:game_inst|Health_Block:health_block_p1" File: C:/Users/husey/Desktop/FPGA_Footsies_Final/game_core.v Line: 421
Warning (10230): Verilog HDL assignment warning at Health_Block.v(40): truncated value with size 32 to match size of target (2) File: C:/Users/husey/Desktop/FPGA_Footsies_Final/Health_Block.v Line: 40
Warning (10230): Verilog HDL assignment warning at Health_Block.v(48): truncated value with size 32 to match size of target (2) File: C:/Users/husey/Desktop/FPGA_Footsies_Final/Health_Block.v Line: 48
Info (12128): Elaborating entity "Game_Over_core" for hierarchy "game_fsm:game|Game_Over_core:game_over_inst" File: C:/Users/husey/Desktop/FPGA_Footsies_Final/game_fsm.v Line: 226
Info (12128): Elaborating entity "text_display_game_over" for hierarchy "game_fsm:game|Game_Over_core:game_over_inst|text_display_game_over:text_module_game_over" File: C:/Users/husey/Desktop/FPGA_Footsies_Final/Game_Over_core.v Line: 57
Warning (10230): Verilog HDL assignment warning at text_display_game_over.v(19): truncated value with size 32 to match size of target (10) File: C:/Users/husey/Desktop/FPGA_Footsies_Final/text_display_game_over.v Line: 19
Warning (10230): Verilog HDL assignment warning at text_display_game_over.v(20): truncated value with size 32 to match size of target (10) File: C:/Users/husey/Desktop/FPGA_Footsies_Final/text_display_game_over.v Line: 20
Warning (10230): Verilog HDL assignment warning at text_display_game_over.v(29): truncated value with size 10 to match size of target (4) File: C:/Users/husey/Desktop/FPGA_Footsies_Final/text_display_game_over.v Line: 29
Warning (10230): Verilog HDL assignment warning at text_display_game_over.v(30): truncated value with size 32 to match size of target (4) File: C:/Users/husey/Desktop/FPGA_Footsies_Final/text_display_game_over.v Line: 30
Warning (10230): Verilog HDL assignment warning at text_display_game_over.v(31): truncated value with size 32 to match size of target (5) File: C:/Users/husey/Desktop/FPGA_Footsies_Final/text_display_game_over.v Line: 31
Info (12128): Elaborating entity "text_display_player_wins" for hierarchy "game_fsm:game|Game_Over_core:game_over_inst|text_display_player_wins:text_module_player_wins" File: C:/Users/husey/Desktop/FPGA_Footsies_Final/Game_Over_core.v Line: 67
Warning (10230): Verilog HDL assignment warning at text_display_player_wins.v(20): truncated value with size 32 to match size of target (10) File: C:/Users/husey/Desktop/FPGA_Footsies_Final/text_display_player_wins.v Line: 20
Warning (10230): Verilog HDL assignment warning at text_display_player_wins.v(21): truncated value with size 32 to match size of target (10) File: C:/Users/husey/Desktop/FPGA_Footsies_Final/text_display_player_wins.v Line: 21
Warning (10230): Verilog HDL assignment warning at text_display_player_wins.v(31): truncated value with size 10 to match size of target (4) File: C:/Users/husey/Desktop/FPGA_Footsies_Final/text_display_player_wins.v Line: 31
Warning (10230): Verilog HDL assignment warning at text_display_player_wins.v(32): truncated value with size 32 to match size of target (4) File: C:/Users/husey/Desktop/FPGA_Footsies_Final/text_display_player_wins.v Line: 32
Warning (10230): Verilog HDL assignment warning at text_display_player_wins.v(33): truncated value with size 32 to match size of target (5) File: C:/Users/husey/Desktop/FPGA_Footsies_Final/text_display_player_wins.v Line: 33
Warning (12011): Net is missing source, defaulting to GND
    Warning (12110): Net "game_fsm:game|game_core:game_inst|health_p1[2]" is missing source, defaulting to GND File: C:/Users/husey/Desktop/FPGA_Footsies_Final/game_core.v Line: 35
    Warning (12110): Net "game_fsm:game|game_core:game_inst|health_p2[2]" is missing source, defaulting to GND File: C:/Users/husey/Desktop/FPGA_Footsies_Final/game_core.v Line: 37
    Warning (12110): Net "game_fsm:game|game_core:game_inst|block_count_p1[2]" is missing source, defaulting to GND File: C:/Users/husey/Desktop/FPGA_Footsies_Final/game_core.v Line: 81
    Warning (12110): Net "game_fsm:game|game_core:game_inst|block_count_p2[2]" is missing source, defaulting to GND File: C:/Users/husey/Desktop/FPGA_Footsies_Final/game_core.v Line: 117
Info (278001): Inferred 2 megafunctions from design logic
    Info (278004): Inferred divider/modulo megafunction ("lpm_divide") from the following logic: "game_fsm:game|game_core:game_inst|Background_renderer:background|timer_module:timer_inst|counter_display:counter_disp|Div0" File: C:/Users/husey/Desktop/FPGA_Footsies_Final/counter_display.v Line: 15
    Info (278004): Inferred divider/modulo megafunction ("lpm_divide") from the following logic: "game_fsm:game|game_core:game_inst|Background_renderer:background|timer_module:timer_inst|counter_display:counter_disp|Mod0" File: C:/Users/husey/Desktop/FPGA_Footsies_Final/counter_display.v Line: 16
Info (12130): Elaborated megafunction instantiation "game_fsm:game|game_core:game_inst|Background_renderer:background|timer_module:timer_inst|counter_display:counter_disp|lpm_divide:Div0" File: C:/Users/husey/Desktop/FPGA_Footsies_Final/counter_display.v Line: 15
Info (12133): Instantiated megafunction "game_fsm:game|game_core:game_inst|Background_renderer:background|timer_module:timer_inst|counter_display:counter_disp|lpm_divide:Div0" with the following parameter: File: C:/Users/husey/Desktop/FPGA_Footsies_Final/counter_display.v Line: 15
    Info (12134): Parameter "LPM_WIDTHN" = "7"
    Info (12134): Parameter "LPM_WIDTHD" = "4"
    Info (12134): Parameter "LPM_NREPRESENTATION" = "UNSIGNED"
    Info (12134): Parameter "LPM_DREPRESENTATION" = "UNSIGNED"
Info (12021): Found 1 design units, including 1 entities, in source file db/lpm_divide_4am.tdf
    Info (12023): Found entity 1: lpm_divide_4am File: C:/Users/husey/Desktop/FPGA_Footsies_Final/db/lpm_divide_4am.tdf Line: 25
Info (12021): Found 1 design units, including 1 entities, in source file db/sign_div_unsign_akh.tdf
    Info (12023): Found entity 1: sign_div_unsign_akh File: C:/Users/husey/Desktop/FPGA_Footsies_Final/db/sign_div_unsign_akh.tdf Line: 25
Info (12021): Found 1 design units, including 1 entities, in source file db/alt_u_div_qse.tdf
    Info (12023): Found entity 1: alt_u_div_qse File: C:/Users/husey/Desktop/FPGA_Footsies_Final/db/alt_u_div_qse.tdf Line: 23
Info (12130): Elaborated megafunction instantiation "game_fsm:game|game_core:game_inst|Background_renderer:background|timer_module:timer_inst|counter_display:counter_disp|lpm_divide:Mod0" File: C:/Users/husey/Desktop/FPGA_Footsies_Final/counter_display.v Line: 16
Info (12133): Instantiated megafunction "game_fsm:game|game_core:game_inst|Background_renderer:background|timer_module:timer_inst|counter_display:counter_disp|lpm_divide:Mod0" with the following parameter: File: C:/Users/husey/Desktop/FPGA_Footsies_Final/counter_display.v Line: 16
    Info (12134): Parameter "LPM_WIDTHN" = "7"
    Info (12134): Parameter "LPM_WIDTHD" = "4"
    Info (12134): Parameter "LPM_NREPRESENTATION" = "UNSIGNED"
    Info (12134): Parameter "LPM_DREPRESENTATION" = "UNSIGNED"
Info (12021): Found 1 design units, including 1 entities, in source file db/lpm_divide_72m.tdf
    Info (12023): Found entity 1: lpm_divide_72m File: C:/Users/husey/Desktop/FPGA_Footsies_Final/db/lpm_divide_72m.tdf Line: 25
Warning (12241): 4 hierarchies have connectivity warnings - see the Connectivity Checks report folder
Warning (13039): The following bidirectional pins have no drivers
    Warning (13040): bidirectional pin "GPIO[18]" has no driver File: C:/Users/husey/Desktop/FPGA_Footsies_Final/FPGA_Footsies_Final.v Line: 43
    Warning (13040): bidirectional pin "GPIO[20]" has no driver File: C:/Users/husey/Desktop/FPGA_Footsies_Final/FPGA_Footsies_Final.v Line: 43
    Warning (13040): bidirectional pin "GPIO[22]" has no driver File: C:/Users/husey/Desktop/FPGA_Footsies_Final/FPGA_Footsies_Final.v Line: 43
    Warning (13040): bidirectional pin "GPIO[0]" has no driver File: C:/Users/husey/Desktop/FPGA_Footsies_Final/FPGA_Footsies_Final.v Line: 43
    Warning (13040): bidirectional pin "GPIO[1]" has no driver File: C:/Users/husey/Desktop/FPGA_Footsies_Final/FPGA_Footsies_Final.v Line: 43
    Warning (13040): bidirectional pin "GPIO[2]" has no driver File: C:/Users/husey/Desktop/FPGA_Footsies_Final/FPGA_Footsies_Final.v Line: 43
    Warning (13040): bidirectional pin "GPIO[3]" has no driver File: C:/Users/husey/Desktop/FPGA_Footsies_Final/FPGA_Footsies_Final.v Line: 43
    Warning (13040): bidirectional pin "GPIO[4]" has no driver File: C:/Users/husey/Desktop/FPGA_Footsies_Final/FPGA_Footsies_Final.v Line: 43
    Warning (13040): bidirectional pin "GPIO[5]" has no driver File: C:/Users/husey/Desktop/FPGA_Footsies_Final/FPGA_Footsies_Final.v Line: 43
    Warning (13040): bidirectional pin "GPIO[6]" has no driver File: C:/Users/husey/Desktop/FPGA_Footsies_Final/FPGA_Footsies_Final.v Line: 43
    Warning (13040): bidirectional pin "GPIO[7]" has no driver File: C:/Users/husey/Desktop/FPGA_Footsies_Final/FPGA_Footsies_Final.v Line: 43
    Warning (13040): bidirectional pin "GPIO[8]" has no driver File: C:/Users/husey/Desktop/FPGA_Footsies_Final/FPGA_Footsies_Final.v Line: 43
    Warning (13040): bidirectional pin "GPIO[9]" has no driver File: C:/Users/husey/Desktop/FPGA_Footsies_Final/FPGA_Footsies_Final.v Line: 43
    Warning (13040): bidirectional pin "GPIO[11]" has no driver File: C:/Users/husey/Desktop/FPGA_Footsies_Final/FPGA_Footsies_Final.v Line: 43
    Warning (13040): bidirectional pin "GPIO[12]" has no driver File: C:/Users/husey/Desktop/FPGA_Footsies_Final/FPGA_Footsies_Final.v Line: 43
    Warning (13040): bidirectional pin "GPIO[13]" has no driver File: C:/Users/husey/Desktop/FPGA_Footsies_Final/FPGA_Footsies_Final.v Line: 43
    Warning (13040): bidirectional pin "GPIO[14]" has no driver File: C:/Users/husey/Desktop/FPGA_Footsies_Final/FPGA_Footsies_Final.v Line: 43
    Warning (13040): bidirectional pin "GPIO[15]" has no driver File: C:/Users/husey/Desktop/FPGA_Footsies_Final/FPGA_Footsies_Final.v Line: 43
    Warning (13040): bidirectional pin "GPIO[16]" has no driver File: C:/Users/husey/Desktop/FPGA_Footsies_Final/FPGA_Footsies_Final.v Line: 43
    Warning (13040): bidirectional pin "GPIO[17]" has no driver File: C:/Users/husey/Desktop/FPGA_Footsies_Final/FPGA_Footsies_Final.v Line: 43
    Warning (13040): bidirectional pin "GPIO[19]" has no driver File: C:/Users/husey/Desktop/FPGA_Footsies_Final/FPGA_Footsies_Final.v Line: 43
    Warning (13040): bidirectional pin "GPIO[21]" has no driver File: C:/Users/husey/Desktop/FPGA_Footsies_Final/FPGA_Footsies_Final.v Line: 43
    Warning (13040): bidirectional pin "GPIO[23]" has no driver File: C:/Users/husey/Desktop/FPGA_Footsies_Final/FPGA_Footsies_Final.v Line: 43
    Warning (13040): bidirectional pin "GPIO[24]" has no driver File: C:/Users/husey/Desktop/FPGA_Footsies_Final/FPGA_Footsies_Final.v Line: 43
    Warning (13040): bidirectional pin "GPIO[25]" has no driver File: C:/Users/husey/Desktop/FPGA_Footsies_Final/FPGA_Footsies_Final.v Line: 43
    Warning (13040): bidirectional pin "GPIO[26]" has no driver File: C:/Users/husey/Desktop/FPGA_Footsies_Final/FPGA_Footsies_Final.v Line: 43
    Warning (13040): bidirectional pin "GPIO[27]" has no driver File: C:/Users/husey/Desktop/FPGA_Footsies_Final/FPGA_Footsies_Final.v Line: 43
    Warning (13040): bidirectional pin "GPIO[28]" has no driver File: C:/Users/husey/Desktop/FPGA_Footsies_Final/FPGA_Footsies_Final.v Line: 43
    Warning (13040): bidirectional pin "GPIO[29]" has no driver File: C:/Users/husey/Desktop/FPGA_Footsies_Final/FPGA_Footsies_Final.v Line: 43
    Warning (13040): bidirectional pin "GPIO[30]" has no driver File: C:/Users/husey/Desktop/FPGA_Footsies_Final/FPGA_Footsies_Final.v Line: 43
    Warning (13040): bidirectional pin "GPIO[31]" has no driver File: C:/Users/husey/Desktop/FPGA_Footsies_Final/FPGA_Footsies_Final.v Line: 43
    Warning (13040): bidirectional pin "GPIO[32]" has no driver File: C:/Users/husey/Desktop/FPGA_Footsies_Final/FPGA_Footsies_Final.v Line: 43
    Warning (13040): bidirectional pin "GPIO[33]" has no driver File: C:/Users/husey/Desktop/FPGA_Footsies_Final/FPGA_Footsies_Final.v Line: 43
    Warning (13040): bidirectional pin "GPIO[34]" has no driver File: C:/Users/husey/Desktop/FPGA_Footsies_Final/FPGA_Footsies_Final.v Line: 43
    Warning (13040): bidirectional pin "GPIO[35]" has no driver File: C:/Users/husey/Desktop/FPGA_Footsies_Final/FPGA_Footsies_Final.v Line: 43
Warning (13032): The following tri-state nodes are fed by constants
    Warning (13033): The pin "GPIO[10]" is fed by GND File: C:/Users/husey/Desktop/FPGA_Footsies_Final/FPGA_Footsies_Final.v Line: 43
Warning (13024): Output pins are stuck at VCC or GND
    Warning (13410): Pin "HEX0[0]" is stuck at GND File: C:/Users/husey/Desktop/FPGA_Footsies_Final/FPGA_Footsies_Final.v Line: 15
    Warning (13410): Pin "HEX0[1]" is stuck at GND File: C:/Users/husey/Desktop/FPGA_Footsies_Final/FPGA_Footsies_Final.v Line: 15
    Warning (13410): Pin "HEX0[2]" is stuck at GND File: C:/Users/husey/Desktop/FPGA_Footsies_Final/FPGA_Footsies_Final.v Line: 15
    Warning (13410): Pin "HEX0[3]" is stuck at GND File: C:/Users/husey/Desktop/FPGA_Footsies_Final/FPGA_Footsies_Final.v Line: 15
    Warning (13410): Pin "HEX0[4]" is stuck at GND File: C:/Users/husey/Desktop/FPGA_Footsies_Final/FPGA_Footsies_Final.v Line: 15
    Warning (13410): Pin "HEX0[5]" is stuck at GND File: C:/Users/husey/Desktop/FPGA_Footsies_Final/FPGA_Footsies_Final.v Line: 15
    Warning (13410): Pin "HEX0[6]" is stuck at GND File: C:/Users/husey/Desktop/FPGA_Footsies_Final/FPGA_Footsies_Final.v Line: 15
    Warning (13410): Pin "HEX1[0]" is stuck at GND File: C:/Users/husey/Desktop/FPGA_Footsies_Final/FPGA_Footsies_Final.v Line: 16
    Warning (13410): Pin "HEX1[1]" is stuck at GND File: C:/Users/husey/Desktop/FPGA_Footsies_Final/FPGA_Footsies_Final.v Line: 16
    Warning (13410): Pin "HEX1[2]" is stuck at GND File: C:/Users/husey/Desktop/FPGA_Footsies_Final/FPGA_Footsies_Final.v Line: 16
    Warning (13410): Pin "HEX1[3]" is stuck at GND File: C:/Users/husey/Desktop/FPGA_Footsies_Final/FPGA_Footsies_Final.v Line: 16
    Warning (13410): Pin "HEX1[4]" is stuck at GND File: C:/Users/husey/Desktop/FPGA_Footsies_Final/FPGA_Footsies_Final.v Line: 16
    Warning (13410): Pin "HEX1[5]" is stuck at GND File: C:/Users/husey/Desktop/FPGA_Footsies_Final/FPGA_Footsies_Final.v Line: 16
    Warning (13410): Pin "HEX1[6]" is stuck at GND File: C:/Users/husey/Desktop/FPGA_Footsies_Final/FPGA_Footsies_Final.v Line: 16
    Warning (13410): Pin "HEX2[0]" is stuck at GND File: C:/Users/husey/Desktop/FPGA_Footsies_Final/FPGA_Footsies_Final.v Line: 17
    Warning (13410): Pin "HEX2[1]" is stuck at GND File: C:/Users/husey/Desktop/FPGA_Footsies_Final/FPGA_Footsies_Final.v Line: 17
    Warning (13410): Pin "HEX2[2]" is stuck at GND File: C:/Users/husey/Desktop/FPGA_Footsies_Final/FPGA_Footsies_Final.v Line: 17
    Warning (13410): Pin "HEX2[3]" is stuck at GND File: C:/Users/husey/Desktop/FPGA_Footsies_Final/FPGA_Footsies_Final.v Line: 17
    Warning (13410): Pin "HEX2[4]" is stuck at GND File: C:/Users/husey/Desktop/FPGA_Footsies_Final/FPGA_Footsies_Final.v Line: 17
    Warning (13410): Pin "HEX2[5]" is stuck at GND File: C:/Users/husey/Desktop/FPGA_Footsies_Final/FPGA_Footsies_Final.v Line: 17
    Warning (13410): Pin "HEX2[6]" is stuck at GND File: C:/Users/husey/Desktop/FPGA_Footsies_Final/FPGA_Footsies_Final.v Line: 17
    Warning (13410): Pin "HEX3[0]" is stuck at GND File: C:/Users/husey/Desktop/FPGA_Footsies_Final/FPGA_Footsies_Final.v Line: 18
    Warning (13410): Pin "HEX3[1]" is stuck at GND File: C:/Users/husey/Desktop/FPGA_Footsies_Final/FPGA_Footsies_Final.v Line: 18
    Warning (13410): Pin "HEX3[2]" is stuck at GND File: C:/Users/husey/Desktop/FPGA_Footsies_Final/FPGA_Footsies_Final.v Line: 18
    Warning (13410): Pin "HEX3[3]" is stuck at GND File: C:/Users/husey/Desktop/FPGA_Footsies_Final/FPGA_Footsies_Final.v Line: 18
    Warning (13410): Pin "HEX3[4]" is stuck at GND File: C:/Users/husey/Desktop/FPGA_Footsies_Final/FPGA_Footsies_Final.v Line: 18
    Warning (13410): Pin "HEX3[5]" is stuck at GND File: C:/Users/husey/Desktop/FPGA_Footsies_Final/FPGA_Footsies_Final.v Line: 18
    Warning (13410): Pin "HEX3[6]" is stuck at GND File: C:/Users/husey/Desktop/FPGA_Footsies_Final/FPGA_Footsies_Final.v Line: 18
    Warning (13410): Pin "HEX4[0]" is stuck at GND File: C:/Users/husey/Desktop/FPGA_Footsies_Final/FPGA_Footsies_Final.v Line: 19
    Warning (13410): Pin "HEX4[1]" is stuck at GND File: C:/Users/husey/Desktop/FPGA_Footsies_Final/FPGA_Footsies_Final.v Line: 19
    Warning (13410): Pin "HEX4[2]" is stuck at GND File: C:/Users/husey/Desktop/FPGA_Footsies_Final/FPGA_Footsies_Final.v Line: 19
    Warning (13410): Pin "HEX4[3]" is stuck at GND File: C:/Users/husey/Desktop/FPGA_Footsies_Final/FPGA_Footsies_Final.v Line: 19
    Warning (13410): Pin "HEX4[4]" is stuck at GND File: C:/Users/husey/Desktop/FPGA_Footsies_Final/FPGA_Footsies_Final.v Line: 19
    Warning (13410): Pin "HEX4[5]" is stuck at GND File: C:/Users/husey/Desktop/FPGA_Footsies_Final/FPGA_Footsies_Final.v Line: 19
    Warning (13410): Pin "HEX4[6]" is stuck at GND File: C:/Users/husey/Desktop/FPGA_Footsies_Final/FPGA_Footsies_Final.v Line: 19
    Warning (13410): Pin "HEX5[0]" is stuck at GND File: C:/Users/husey/Desktop/FPGA_Footsies_Final/FPGA_Footsies_Final.v Line: 20
    Warning (13410): Pin "HEX5[1]" is stuck at GND File: C:/Users/husey/Desktop/FPGA_Footsies_Final/FPGA_Footsies_Final.v Line: 20
    Warning (13410): Pin "HEX5[2]" is stuck at GND File: C:/Users/husey/Desktop/FPGA_Footsies_Final/FPGA_Footsies_Final.v Line: 20
    Warning (13410): Pin "HEX5[3]" is stuck at GND File: C:/Users/husey/Desktop/FPGA_Footsies_Final/FPGA_Footsies_Final.v Line: 20
    Warning (13410): Pin "HEX5[4]" is stuck at GND File: C:/Users/husey/Desktop/FPGA_Footsies_Final/FPGA_Footsies_Final.v Line: 20
    Warning (13410): Pin "HEX5[5]" is stuck at GND File: C:/Users/husey/Desktop/FPGA_Footsies_Final/FPGA_Footsies_Final.v Line: 20
    Warning (13410): Pin "HEX5[6]" is stuck at GND File: C:/Users/husey/Desktop/FPGA_Footsies_Final/FPGA_Footsies_Final.v Line: 20
    Warning (13410): Pin "LEDR[0]" is stuck at GND File: C:/Users/husey/Desktop/FPGA_Footsies_Final/FPGA_Footsies_Final.v Line: 26
    Warning (13410): Pin "LEDR[1]" is stuck at GND File: C:/Users/husey/Desktop/FPGA_Footsies_Final/FPGA_Footsies_Final.v Line: 26
    Warning (13410): Pin "LEDR[2]" is stuck at GND File: C:/Users/husey/Desktop/FPGA_Footsies_Final/FPGA_Footsies_Final.v Line: 26
    Warning (13410): Pin "LEDR[3]" is stuck at GND File: C:/Users/husey/Desktop/FPGA_Footsies_Final/FPGA_Footsies_Final.v Line: 26
    Warning (13410): Pin "LEDR[4]" is stuck at GND File: C:/Users/husey/Desktop/FPGA_Footsies_Final/FPGA_Footsies_Final.v Line: 26
    Warning (13410): Pin "LEDR[5]" is stuck at GND File: C:/Users/husey/Desktop/FPGA_Footsies_Final/FPGA_Footsies_Final.v Line: 26
    Warning (13410): Pin "LEDR[6]" is stuck at GND File: C:/Users/husey/Desktop/FPGA_Footsies_Final/FPGA_Footsies_Final.v Line: 26
    Warning (13410): Pin "LEDR[7]" is stuck at GND File: C:/Users/husey/Desktop/FPGA_Footsies_Final/FPGA_Footsies_Final.v Line: 26
    Warning (13410): Pin "LEDR[8]" is stuck at GND File: C:/Users/husey/Desktop/FPGA_Footsies_Final/FPGA_Footsies_Final.v Line: 26
    Warning (13410): Pin "LEDR[9]" is stuck at GND File: C:/Users/husey/Desktop/FPGA_Footsies_Final/FPGA_Footsies_Final.v Line: 26
    Warning (13410): Pin "VGA_B[0]" is stuck at GND File: C:/Users/husey/Desktop/FPGA_Footsies_Final/FPGA_Footsies_Final.v Line: 33
    Warning (13410): Pin "VGA_B[1]" is stuck at GND File: C:/Users/husey/Desktop/FPGA_Footsies_Final/FPGA_Footsies_Final.v Line: 33
    Warning (13410): Pin "VGA_B[2]" is stuck at GND File: C:/Users/husey/Desktop/FPGA_Footsies_Final/FPGA_Footsies_Final.v Line: 33
    Warning (13410): Pin "VGA_B[3]" is stuck at GND File: C:/Users/husey/Desktop/FPGA_Footsies_Final/FPGA_Footsies_Final.v Line: 33
    Warning (13410): Pin "VGA_B[4]" is stuck at GND File: C:/Users/husey/Desktop/FPGA_Footsies_Final/FPGA_Footsies_Final.v Line: 33
    Warning (13410): Pin "VGA_B[5]" is stuck at GND File: C:/Users/husey/Desktop/FPGA_Footsies_Final/FPGA_Footsies_Final.v Line: 33
    Warning (13410): Pin "VGA_G[0]" is stuck at GND File: C:/Users/husey/Desktop/FPGA_Footsies_Final/FPGA_Footsies_Final.v Line: 35
    Warning (13410): Pin "VGA_G[1]" is stuck at GND File: C:/Users/husey/Desktop/FPGA_Footsies_Final/FPGA_Footsies_Final.v Line: 35
    Warning (13410): Pin "VGA_G[2]" is stuck at GND File: C:/Users/husey/Desktop/FPGA_Footsies_Final/FPGA_Footsies_Final.v Line: 35
    Warning (13410): Pin "VGA_G[3]" is stuck at GND File: C:/Users/husey/Desktop/FPGA_Footsies_Final/FPGA_Footsies_Final.v Line: 35
    Warning (13410): Pin "VGA_G[4]" is stuck at GND File: C:/Users/husey/Desktop/FPGA_Footsies_Final/FPGA_Footsies_Final.v Line: 35
    Warning (13410): Pin "VGA_R[0]" is stuck at GND File: C:/Users/husey/Desktop/FPGA_Footsies_Final/FPGA_Footsies_Final.v Line: 37
    Warning (13410): Pin "VGA_R[1]" is stuck at GND File: C:/Users/husey/Desktop/FPGA_Footsies_Final/FPGA_Footsies_Final.v Line: 37
    Warning (13410): Pin "VGA_R[2]" is stuck at GND File: C:/Users/husey/Desktop/FPGA_Footsies_Final/FPGA_Footsies_Final.v Line: 37
    Warning (13410): Pin "VGA_R[3]" is stuck at GND File: C:/Users/husey/Desktop/FPGA_Footsies_Final/FPGA_Footsies_Final.v Line: 37
    Warning (13410): Pin "VGA_R[4]" is stuck at GND File: C:/Users/husey/Desktop/FPGA_Footsies_Final/FPGA_Footsies_Final.v Line: 37
    Warning (13410): Pin "VGA_SYNC_N" is stuck at GND File: C:/Users/husey/Desktop/FPGA_Footsies_Final/FPGA_Footsies_Final.v Line: 38
Info (286030): Timing-Driven Synthesis is running
Info (17049): 48 registers lost all their fanouts during netlist optimizations.
Info (16010): Generating hard_block partition "hard_block:auto_generated_inst"
    Info (16011): Adding 0 node(s), including 0 DDIO, 0 PLL, 0 transceiver and 0 LCELL
Warning (21074): Design contains 9 input pin(s) that do not drive logic
    Warning (15610): No output dependent on input pin "CLOCK2_50" File: C:/Users/husey/Desktop/FPGA_Footsies_Final/FPGA_Footsies_Final.v Line: 9
    Warning (15610): No output dependent on input pin "CLOCK3_50" File: C:/Users/husey/Desktop/FPGA_Footsies_Final/FPGA_Footsies_Final.v Line: 10
    Warning (15610): No output dependent on input pin "CLOCK4_50" File: C:/Users/husey/Desktop/FPGA_Footsies_Final/FPGA_Footsies_Final.v Line: 11
    Warning (15610): No output dependent on input pin "SW[2]" File: C:/Users/husey/Desktop/FPGA_Footsies_Final/FPGA_Footsies_Final.v Line: 29
    Warning (15610): No output dependent on input pin "SW[4]" File: C:/Users/husey/Desktop/FPGA_Footsies_Final/FPGA_Footsies_Final.v Line: 29
    Warning (15610): No output dependent on input pin "SW[6]" File: C:/Users/husey/Desktop/FPGA_Footsies_Final/FPGA_Footsies_Final.v Line: 29
    Warning (15610): No output dependent on input pin "SW[7]" File: C:/Users/husey/Desktop/FPGA_Footsies_Final/FPGA_Footsies_Final.v Line: 29
    Warning (15610): No output dependent on input pin "SW[8]" File: C:/Users/husey/Desktop/FPGA_Footsies_Final/FPGA_Footsies_Final.v Line: 29
    Warning (15610): No output dependent on input pin "SW[9]" File: C:/Users/husey/Desktop/FPGA_Footsies_Final/FPGA_Footsies_Final.v Line: 29
Info (21057): Implemented 2350 device resources after synthesis - the final resource count might be different
    Info (21058): Implemented 18 input pins
    Info (21059): Implemented 81 output pins
    Info (21060): Implemented 36 bidirectional pins
    Info (21061): Implemented 2215 logic cells
Info: Quartus Prime Analysis & Synthesis was successful. 0 errors, 256 warnings
    Info: Peak virtual memory: 4876 megabytes
    Info: Processing ended: Tue Jun 24 19:46:37 2025
    Info: Elapsed time: 00:00:20
    Info: Total CPU time (on all processors): 00:00:36


